PRAGMA foreign_keys=OFF;
BEGIN TRANSACTION;
CREATE TABLE location (
  GPS varchar (100) not null,
  city varchar (50),
  street varchar (50),
  zip_code integer,

  primary key (GPS)
);
INSERT INTO location VALUES('47.31517540681511, 80.20666006486385','r5SemzkvNaKFGnbusuNT0GAmze4EmW8lxe0ad3mkKKYaMGBfSc','LmqOaQBsOXOxMRNEaNGf8Aexxhq6SlniFPXA4YdZe7uIBh6iPP',3016302531);
INSERT INTO location VALUES('42.01757980096417, 128.91906335853898','fq2zT8qkOb6Y9xPHXOpOgKfXZPImMFlJh1NwiWumjgFtqyqqex','DwsgMmxiNYP8vV5bavVBQe7f4awplgaUVzBIxzWtlq0bzY9qu6',8713961573);
INSERT INTO location VALUES('50.59242792820055, 39.51874569926419','1DDJwwBacQSc727diTPXUrtjgvzl4UrFmEqH4c4wdJKxqXaXZM','atfjnOg9RinOGWFjlEVwmWAAmQx2Ro6MxI3Tpt1bRGDaRz5Y9C',1813669833);
INSERT INTO location VALUES('50.63192170994848, 40.20748323427342','EWGHojZxYlosnm9B8EJ9l8vZ1utNVaDtvxsi6NeXpHLMyd2Kt2','gOAjrXKjBhWWWO2muj9w1r92Tg5kn8QPXgU6QhD0Zu3iMSbDda',2830463839);
INSERT INTO location VALUES('47.670250343770036, 82.70502250511663','T89bPoBpXmutLZFaNO6Sf2tVKbtI5pdqxfFUEuqhczS7I7wRJn','GVLsC4CURtI3CCqMmrfghx5OLCVmecjxTu4B7lku3eHvgxR0Jf',868362243);
INSERT INTO location VALUES('43.45809005684736, 67.68939008047792','LepfMtAIFLhjmiu62mfn1d6Wysodl0um2paM4CcSGYzwogKbcb','puFP6IA7dsKtc5oYKI5s4SkagZkELFIHm1e4gsSF0D2wSTKGOG',9751493724);
INSERT INTO location VALUES('57.45113712041325, 57.66061486046877','nf4APf8l0b0F2drbSVoli8sZ5zmfuoc3b9DG7l0BWGVWX6uTxZ','v2GfFfn3tVLOmz3gUatZdWDw3w5dxCp5EhgdXNyfVPZpHSxLN6',6152197679);
INSERT INTO location VALUES('52.043379182301734, 83.15316563135426','lkYlxYfXcGopY7cR7vupy9VhZgSKrpqGM3v9nK1Yq1dJgoyzXz','m2QTGkYKkeSWBWh7U1MwK2o2JWAgLxYCIMeuFaTY5XlTCFU1Cv',2103802033);
INSERT INTO location VALUES('41.29503342220942, 112.49330422636828','dvRRMSFQuoUP9F0fUqo0Oom5Q4P7WVhVFz5HftAw74waNWm5FZ','eMlksxqHP33Ekpa3dVt5EBlBBycsOjEcX17YmWLoCwrEGnTV9Y',5876652578);
INSERT INTO location VALUES('58.30844813311141, 100.61536531459708','YGqgRhmb60h8a4cWts63PDlc9OE3R1pZvGP1c9zNKWWQ6TYP3i','e90RBE6X17NandMViwvtavY5MGU7cjApcqgA2aLseCM8dA50QU',2793903941);
INSERT INTO location VALUES('50.797602143242514, 100.95957921221905','GOSqzo3uyFAmrDpVcifI1PRrKGNRFcxfeS5pAnCJh8BdXeKVtZ','GvDFuGEQKdyTDQSTsxF6udQspwH8wT8OjiNAx3sJmcH4EGRZTg',2938850099);
INSERT INTO location VALUES('41.214965901258296, 63.573414555732874','VG4WQ2VbXrIJTjrHNHv51INtTAQ8a0rCStLNZvMOsZaM7sW3vA','ckP4DhNXpwXcLCTcFA0zCNSzZcl9VanU05d7yhwa6X4Kgjnmiy',8673232444);
INSERT INTO location VALUES('52.01503784970335, 94.1067444971004','q5VbTZgkA9BpIIMlxpGI6PdSOUhdi4Msj9k8ltCjfG21hfh9i3','DnfuOmfgcyXpERxrNLDPrimWfYA9DZn5DEltd1gD6djW8mPuqq',3075508753);
INSERT INTO location VALUES('53.308369169000805, 93.67677155812339','MZFKtNcb7FNBXjHdK8RugiPH9mrFLMUjNUBbtEGa7Ei6GZDKe6','p3Uh9W3T80XOoq7dRMS07J6gXgIO40kDNs9jtm3y0hjDsaQ0YA',7787498319);
INSERT INTO location VALUES('47.820104637165066, 100.9147448034159','53mbWObeLNvw8dYVPIHJ3LeN9wZTTgTLdqsPrsxZ2bgIkdFSgJ','X5Hte5G0pXW1tq9b4zxkXispNef7bb39QQpoMDS6sNBuCkEAhH',3037832070);
INSERT INTO location VALUES('48.852564072443485, 76.96328556131893','k7UyASjkfKOpCtnCYiCOT5Zu9a1KiwEEDD6rdLu1OPl1TdLdPn','RXoHZD0mp8u5iGaI1DVoLWB0PfuSLIjqjoUxhg6VgJwOZB209l',2030616884);
INSERT INTO location VALUES('40.75776406067014, 73.2687911599754','S4HvA2feN2nvKySilKeUHLS82GRAOm5kT4tLp8FbGvojizLRlJ','gOj70qqp2AWTdC1w1XeLYlPk6fefZkCJQKnZtnVId5cJOFXL4H',4638508863);
INSERT INTO location VALUES('44.058891276477546, 58.42304928275256','D11g1ASBOTprQdaWX9TdleyJb6kVqzZlVx7LwcXlY3lW6tppM2','XhW0bzllbeyD8tkUG6uziozPGTqH7jeXCSMe8jSDo1nFzrbukh',7217121434);
INSERT INTO location VALUES('44.97091397278144, 102.09981370904299','J7WBCIEiYOqZ7znvikGyfUX6AQ9reKJxydRAU9KaSKnqNHHOnE','4ublziEn8mxJZxt1fUoxR8XOZwjWZcnnikiOmlhMTDm8quuOSa',279960840);
INSERT INTO location VALUES('47.45763813769374, 49.271125519535275','SsQzoc1oKsicqKpQMnRwRflhxfwzNHYldE7SC4BSsbMViXBzAi','drNfn67VtyxuN6u7zPt04Z6WUMWnxACUYmtAUy3MIkuYW6sAz0',7222868126);
INSERT INTO location VALUES('50, 50','ksz','strt',111);
INSERT INTO location VALUES('56.75196813576574, 64.14266465908298','3b0lkV2G4WMkKVNgo74suB6us0PL81eMRm6UsKI2bT9D8RIXSv','xTJ3MikJNoLj6tnG1y5Hvw43FYhBYqCZTPUybQzrkvFpCeSC49',3120098170);
INSERT INTO location VALUES('41.465834604090546, 62.94354009373093','FNTRjARGNtEsAjPqisQcOPcYzRSLKpbZtAMxfKdct5wDjBtrmw','JtccQ4NNp5D5T5NGuY6XziwFFb1cInDNkMddgAvRgxScyOuiiJ',6452861035);
INSERT INTO location VALUES('45.69939390379326, 80.25523969009325','vnhQXUDNpTkzXbxxouCPPPZivH89hiXuEb8Yl2trryiNcDx2kB','VsTfkVBqS4ruqGT0XyrAehoWOOtHigpHwobFbtuFDXBBxF0vtJ',4498604703);
INSERT INTO location VALUES('47.01281082747335, 106.45388868808256','lAdfeHQ1ystC6citQhjXAQ3nqfOJlK35vuJfGHurbmfPCThrkj','JUfTga853NzDDVw7rJTKyRfpkxq9tkRRn2WgSPbUwDnOaus4oQ',1218595737);
INSERT INTO location VALUES('57.566906915563884, 74.15548698448758','LSmYFFDhuV1lmh2FspZ50kZmKBSdpsyIOa14QSEtuuHLjWN73v','n8EixicU17S9b9wfIj5tq3wlw1EdZjbaIXnHp3WXafTAbPeMfd',5924294970);
INSERT INTO location VALUES('44.46556367657242, 91.21490430197196','iajmJjimmEpVHFzaR83Q01BkwZllElGiWoDbxXZMgJoZ7wAl5l','1fWDltnoh6Fud3mLjPsgBvr2XaOYcLOPfaJBuVIWXQ0npXVGeE',8007559201);
INSERT INTO location VALUES('45.13262331751034, 121.82168193281288','TjSaVcdr2okTwlvsIbN7rITXNryJOX52ygFtR4pGrpryB92yz3','LwxHg3BmLtdQoer2Pj3QKOTFEXJwe9Qz58Ij1T0SjkC9H1v0WB',5009865930);
INSERT INTO location VALUES('54.992977784998416, 36.475594983257906','WtCz1jqJjyT4Gq9zBPvSkLbVutKxhFDdRe5Jklr2ELV40NzKgP','RCj1nTANk5G6cRMxB3roGpwEFF2bQ8KW414mHjOvgiwhGhzmbr',7771306935);
INSERT INTO location VALUES('41.854468282129154, 101.77821958957523','tkznfQHr6XHgGKtd0sa4SX2xItK4lgx3oHWMmsU8ZHVNHa05AP','pikMsjZbOni0PYPWzbRCDYGlR1F3CET2aoUmhD8MVd0pWn6rb2',6385872336);
INSERT INTO location VALUES('57.254639677637954, 56.99712040939053','qfHfYMYzzHOzXmPWWWbkw7iplNgUHDKrUxxZycW6SOGHuGDaSR','36omzVqdXL1T5OtuKInVtl8SUvtxnuLDDoBtiYUg3uemGZy9wW',9630437068);
INSERT INTO location VALUES('44.885265805479136, 51.89775211868131','4FMmpIYPQ1FxO8SBykfgLLQsWLLyqWgYcbi1SEr1HMtF8PdiHT','on9kfbMCNUzsOuBZVAIifH4c8jjpFHOFFIkLXVk5tLsPZVRmH1',7447477185);
INSERT INTO location VALUES('52.649386855982534, 67.52669449998918','vTiMt8NN3jX8Fk8gOuYfVEJuIL069oBsjKAakYwQemByf9zhq7','fywGnyGbI7vZiKVmCTKDyuTXQ3zXofNbJkPGwulS54PZDzccRA',4944264572);
INSERT INTO location VALUES('53.96291448538669, 74.06783128414209','5gzZ2gbLuuu1TvWSzpo5KnHmit9xSqG7gTWbrG7e1LeFGcRebh','JAjKm9rE5v9q0GxHyq7zgxR5UwOh86nDaUj5ki6tAkbxDGU36i',7096980888);
INSERT INTO location VALUES('52.88967052958933, 65.61187928334476','v3gESMN7bAFptfwswVjlpJy4Qtbx8Y34JN2nhGVI8Yw1HesdXj','pnrpQ7eKjAW2KXJ6J4QSlrjWxj1KRmESRKKKMPojk6uZGJqDTq',9907946493);
INSERT INTO location VALUES('49.839674162839174, 44.46753025066181','jo6Ffpm7wsbc9kn0glXfibHzZ6OyOLiXolzSfClEcI5PN1wfCU','nn6WtwPk98ivsUIGrcoKEE0sFHX4GXjzsKYelNYrdD1a0uho85',116889567);
INSERT INTO location VALUES('48.35323071366375, 43.6589473657918','3OiKgIXlmXHIB78YFNYRftHvWdbupGcGaDCQjOWh2nu9uCuwZF','unly6qb2j3xXBIijBMU8dOS7DrrDrN251Bvk3yh3AGxbKbucJE',3653682874);
INSERT INTO location VALUES('45.06913965654392, 92.34513574469129','OBfYi2dftiuSJGgMD4kEVEvABspYbTePVo8fNPv67mXVfgjI7u','Ze0sI4T7cVRjDru5PTfFoznIV25cnCmdhrsIeSoIlkAoNohk7b',7388340298);
INSERT INTO location VALUES('42.97899487124878, 53.23512354821527','wROwuoiHpU5TQPaEf0tIQK4d8LYSQNRAolm45kbNfShHD3J1Nc','9Qpsh9rNMGpHxXUHGWYu5Zk98kO4YjXZv0Eqapa5nJ5QB8VITE',4320829237);
INSERT INTO location VALUES('51.728353142519836, 58.928387493322184','kvFh7I7oszevN2m76aWKkrikzmFR7f5CESybMeau4GiS9NaCpe','TskG8FUMpyfB0Ju7QDKJi1a5cLkYOJyDyemyXXXVoclSXlKiHk',9783078569);
INSERT INTO location VALUES('49.22328011037405, 125.40559134897188','UMvTDyyepox3V4Uq7mMBXpKsEkN1OEpMo1G1A5TN1b9wv2md8H','YdVhsaTiMn0a6TUj8dxP8ONrpYN30Zvp3RzerNoaG23cJ6taHO',6863571125);
INSERT INTO location VALUES('43.724634001557014, 66.80418216696562','CGCoQDldPJVRVrTcyayNGWa8OwDnfK4g9WLXQ6wr8wbR3n1S3a','FYEd6KknRAayV9NZH9uXkcxUpNHXH688YzBy9p5joyA8gKhFDQ',3298349381);
INSERT INTO location VALUES('59.840059421832976, 109.09184735875014','j8ajnn5mEwEEgK0vIKJaLyZwKkb8dW6iIp85J4SBdfygBAY9So','LWdyvHsLG24AOCFCIVCXbWSg7pSn0mygwBrb6icYwxB4S8ydIs',6368106517);
INSERT INTO location VALUES('56.63410494146614, 50.77424268052334','xTdvo3V880qIakyHr1jHof9ifr2yKf4sI9UdRtaLULsgAu91Te','x65483VpcKoRno2p2R5YBN4inKPoEvmstMkeF0aedrNB4Q8YXz',4053781804);
INSERT INTO location VALUES('47.89213097361137, 85.30505957638005','FAAzm5afLMkqGLWgJ9cmQEws9yOq9iTTRRTpFWzbXgZrrsQE5J','OSw5kPUz9KXVjSpQueCmx8nqfdpCQKhCU2UrQd54etT8rWK0aR',6235178387);
INSERT INTO location VALUES('54.22352738604236, 98.11446770592435','5gQ13eciIqSuSuN8kqzYXQEbkb4D1VSe4IeCAlGz4Kfkjiuyxx','b9Q2tEb8pPdPtRQKyyFlSgb9u2rQnJ6ZIzQ4C7qoFFcipJDy9z',4896357463);
INSERT INTO location VALUES('51.12922204856723, 54.0720916262839','kgbqVpvwflhODFpcr0tkOYAbfC98mCZhvndmMfONWP57PSO2Lq','zs3DhzVywzJRGJA0H9dokPru6rbQJmrC9QRxH29bk5Gq3bjiiE',6184299817);
INSERT INTO location VALUES('45.24895612828193, 56.19815847175424','5l92OE0P6i8IWw8LkneGPxUVbjryUh6XGXTv3qikgOF0q7a72W','0MhgsnnacyKZSVTBUD2Whp5zJpntPybckNoHGFZ9T0f7Iqg6gb',1242224560);
INSERT INTO location VALUES('49.57043212687175, 62.448609188689495','ePHVN5tAi5UjUye2i4m7YPfBxvTgt8zCzKiyJreQUQnad65SmI','OfhWHZQmHeijS2Sfyp3aQkWdWURMk1eRMl2LtcTfGZdt0ESnNr',4255047235);
INSERT INTO location VALUES('40.802787742613454, 46.50543899901624','7wxu4BJKHOkcTOnAi7AJGX1pbOD0ruX6bKPC4JH93jyAuzKIbC','8E6eJRVuja3aeEA4ykABKMVihH8GJXcX9xRpPg6ZY7xScH3s9t',928359752);
INSERT INTO location VALUES('53.94722204760535, 110.1927538662736','fEgT79cYrarnYbkX2aaViHKepTC6ZsoG3eS6ArdrjXQyu8pEWJ','4DH1yErsyL9eLXbBa6OVHx7WpJVmabnu4BAX6nJ6zalRMBMKtz',7290040603);
INSERT INTO location VALUES('51.62581031993012, 57.85433150225719','HsldjN2fbBqKIAdMBdWBr4rXUHC0PMEVbJbHbiXmoQ35UOTFGL','wYVIe8527P8HSzCS64KSbfH4Aw5qqES9FgvqKgKmJM3h53zZMh',3617646880);
INSERT INTO location VALUES('58.06568920876068, 122.1391367960536','PTRImmC6PWX4TVEtAUWaqlP8ZIt8zdIhSbhdiNTb9wpjMZWOuq','dB1lhu58d0JrTMdSJM8HimmVWq9GvfgMPnWyhRPny1av7azQ4H',6721027828);
INSERT INTO location VALUES('58.143026879657455, 82.20874138331834','ytdLvPi7gY9MZRXu4pPXFShiF6MQDE3N5PhT4WqHmpKF6JE7YS','enup1KLlZ3pZyC23nnG0BFJ25Bwpw6tO4ICoLs8QcAIJoc3wCb',3461750430);
INSERT INTO location VALUES('46.097342758727876, 113.36356236619167','ZHh0U1JEnIIKdn2dadERmglaOp1o6I6QoHOGHA5fEjLYkcNsOq','RvCl9euZHSJ0sMNWgBzjM1xrjhWHRpvdJjALLcZDk1r9yAWkiW',9475299375);
INSERT INTO location VALUES('42.000195669454776, 75.53306040896905','nnCgr9q0eSKVNXRl9XUOgK7LUZlXXILoNpJ1UMfVf4TFpcsJpz','Tto5h4ZrvetMWexGz5GjzoRSEyuiBQ8MOUVeaE61bZukmRbAba',153275860);
INSERT INTO location VALUES('50.659018587054376, 107.22480470588006','2if6Jsikgnv6kPOCiVEiSGqyJTqwc4h65AVUjX5QZiOtQmCNPF','M99GKZT9EnVpZEj5H7vZQErD04vykICfeWSYOIcit3iQx9v0tp',8816874591);
INSERT INTO location VALUES('41.395097197003366, 43.28925517472992','60d8NlE1kw6cssosb0UkiBPGPS9LzEROEEM9uha0oGosvcgmCA','9lRJQwHtOevxYpUqHZHgRzNmTByASkujTR7F6ivL5KLrzdh9zV',8601258131);
INSERT INTO location VALUES('53.712023407291326, 78.95768887246746','Xx2jRPcKkIrVC6iLSloOvKWDLlmsXnlpSpqIHY18YbknDoGzka','6bL2DdEDrDJwyapw96GWforu5hFIjddfbjKDknUxRLlt2ycGbj',6236193456);
INSERT INTO location VALUES('49.517878572811185, 110.4651301169692','gpaKgnCDolw1hwHK2zSsNBaa0PIesTaBCqKXSWRSE631lu4iQW','duF7Gf9I10AzPrC3pMstzZJS9Y7QR85DrjowHuW5gUHCuJ2OLN',9221917926);
INSERT INTO location VALUES('44.308692098610756, 115.02646070508194','aYuOwT2ItRWtNeWA4nRpT63bZnBJHUUdGYxkqLTwoK0efAY8O3','xLDiD2SNcj5VV4kMa1rLRCnzunem4WiHT3jacAmouAQZJ3UYn4',2804319371);
CREATE TABLE charging_station (
  UID integer primary key autoincrement,
  available_sockets integer,
  price integer,
  time_of_charging integer,
  GPS varchar (100) not null,

  foreign key (GPS) references location (GPS)
);
INSERT INTO charging_station VALUES(1,57,6,24,'47.31517540681511, 80.20666006486385');
INSERT INTO charging_station VALUES(2,56,9,87,'42.01757980096417, 128.91906335853898');
INSERT INTO charging_station VALUES(3,35,0,98,'50.59242792820055, 39.51874569926419');
INSERT INTO charging_station VALUES(4,20,0,41,'50.59242792820055, 39.51874569926419');
INSERT INTO charging_station VALUES(5,75,3,60,'47.31517540681511, 80.20666006486385');
INSERT INTO charging_station VALUES(6,43,0,23,'47.31517540681511, 80.20666006486385');
INSERT INTO charging_station VALUES(7,11,5,24,'50.63192170994848, 40.20748323427342');
INSERT INTO charging_station VALUES(8,29,1,89,'42.01757980096417, 128.91906335853898');
INSERT INTO charging_station VALUES(9,52,4,65,'52.043379182301734, 83.15316563135426');
INSERT INTO charging_station VALUES(10,76,7,76,'58.30844813311141, 100.61536531459708');
INSERT INTO charging_station VALUES(11,65,9,98,'58.30844813311141, 100.61536531459708');
INSERT INTO charging_station VALUES(12,16,8,58,'43.45809005684736, 67.68939008047792');
INSERT INTO charging_station VALUES(13,19,4,87,'52.043379182301734, 83.15316563135426');
INSERT INTO charging_station VALUES(14,82,9,83,'58.30844813311141, 100.61536531459708');
INSERT INTO charging_station VALUES(15,35,4,10,'50.59242792820055, 39.51874569926419');
INSERT INTO charging_station VALUES(16,59,8,40,'47.31517540681511, 80.20666006486385');
INSERT INTO charging_station VALUES(17,25,3,88,'57.45113712041325, 57.66061486046877');
INSERT INTO charging_station VALUES(18,33,9,13,'58.30844813311141, 100.61536531459708');
INSERT INTO charging_station VALUES(19,56,4,49,'52.043379182301734, 83.15316563135426');
INSERT INTO charging_station VALUES(20,8,7,2,'47.820104637165066, 100.9147448034159');
INSERT INTO charging_station VALUES(21,5,'10$',10,'50, 50');
INSERT INTO charging_station VALUES(22,85,5,1,'50.63192170994848, 40.20748323427342');
INSERT INTO charging_station VALUES(23,54,0,91,'41.465834604090546, 62.94354009373093');
INSERT INTO charging_station VALUES(24,63,6,99,'40.75776406067014, 73.2687911599754');
INSERT INTO charging_station VALUES(25,3,5,70,'43.45809005684736, 67.68939008047792');
INSERT INTO charging_station VALUES(26,5,3,82,'41.465834604090546, 62.94354009373093');
INSERT INTO charging_station VALUES(27,60,9,96,'58.30844813311141, 100.61536531459708');
INSERT INTO charging_station VALUES(28,16,3,66,'41.465834604090546, 62.94354009373093');
INSERT INTO charging_station VALUES(29,39,1,14,'44.058891276477546, 58.42304928275256');
INSERT INTO charging_station VALUES(30,87,1,78,'47.31517540681511, 80.20666006486385');
INSERT INTO charging_station VALUES(31,80,7,0,'50, 50');
INSERT INTO charging_station VALUES(32,10,4,24,'53.308369169000805, 93.67677155812339');
INSERT INTO charging_station VALUES(33,7,9,42,'47.670250343770036, 82.70502250511663');
INSERT INTO charging_station VALUES(34,66,7,80,'56.75196813576574, 64.14266465908298');
INSERT INTO charging_station VALUES(35,25,4,85,'47.820104637165066, 100.9147448034159');
INSERT INTO charging_station VALUES(36,26,6,95,'44.885265805479136, 51.89775211868131');
INSERT INTO charging_station VALUES(37,46,0,99,'52.649386855982534, 67.52669449998918');
INSERT INTO charging_station VALUES(38,47,5,86,'58.30844813311141, 100.61536531459708');
INSERT INTO charging_station VALUES(39,52,2,10,'40.75776406067014, 73.2687911599754');
INSERT INTO charging_station VALUES(40,9,4,45,'41.465834604090546, 62.94354009373093');
INSERT INTO charging_station VALUES(41,41,0,90,'53.96291448538669, 74.06783128414209');
INSERT INTO charging_station VALUES(42,75,0,49,'47.45763813769374, 49.271125519535275');
INSERT INTO charging_station VALUES(43,27,9,33,'43.45809005684736, 67.68939008047792');
INSERT INTO charging_station VALUES(44,36,6,4,'41.465834604090546, 62.94354009373093');
INSERT INTO charging_station VALUES(45,55,1,33,'44.97091397278144, 102.09981370904299');
INSERT INTO charging_station VALUES(46,81,6,18,'49.839674162839174, 44.46753025066181');
INSERT INTO charging_station VALUES(47,23,5,8,'49.22328011037405, 125.40559134897188');
INSERT INTO charging_station VALUES(48,29,7,88,'43.724634001557014, 66.80418216696562');
INSERT INTO charging_station VALUES(49,64,6,18,'42.97899487124878, 53.23512354821527');
INSERT INTO charging_station VALUES(50,76,2,21,'47.01281082747335, 106.45388868808256');
INSERT INTO charging_station VALUES(51,18,9,55,'50, 50');
INSERT INTO charging_station VALUES(52,55,5,13,'54.992977784998416, 36.475594983257906');
INSERT INTO charging_station VALUES(53,68,8,93,'50.797602143242514, 100.95957921221905');
INSERT INTO charging_station VALUES(54,83,6,33,'47.670250343770036, 82.70502250511663');
INSERT INTO charging_station VALUES(55,70,4,97,'40.75776406067014, 73.2687911599754');
INSERT INTO charging_station VALUES(56,81,3,61,'44.058891276477546, 58.42304928275256');
INSERT INTO charging_station VALUES(57,89,0,8,'58.06568920876068, 122.1391367960536');
INSERT INTO charging_station VALUES(58,9,8,74,'53.308369169000805, 93.67677155812339');
INSERT INTO charging_station VALUES(59,41,8,64,'50.63192170994848, 40.20748323427342');
INSERT INTO charging_station VALUES(60,2,5,59,'41.29503342220942, 112.49330422636828');
INSERT INTO charging_station VALUES(61,16,8,19,'53.94722204760535, 110.1927538662736');
CREATE TABLE plug (
  UID integer not null,
  shape varchar (50),
  size integer,

  foreign key (UID) references charging_station (UID)
);
INSERT INTO plug VALUES(1,'myVIH7dMXG24GluLmVRW',15);
INSERT INTO plug VALUES(2,'cPFlPKrJwGVEMjyhmy2t',59);
INSERT INTO plug VALUES(3,'odz1N7zfeu0bIJreK2PX',68);
INSERT INTO plug VALUES(3,'EQPCJV4OCzo08OnqOqAX',41);
INSERT INTO plug VALUES(4,'COatHWTPCrRssaUTgLAX',73);
INSERT INTO plug VALUES(4,'AbtfMO2manp6l4nosOGG',6);
INSERT INTO plug VALUES(1,'tRLgY5Ot4l4JcNSFv0aI',61);
INSERT INTO plug VALUES(4,'CTMERbyNZyj3Qfa9s5jN',39);
INSERT INTO plug VALUES(7,'mPXzpftpnyUKmyBZZWmA',53);
INSERT INTO plug VALUES(6,'pq1Iw8NbBzfdexXUQAVp',85);
INSERT INTO plug VALUES(7,'I32D16JpmjnRWw0g6qdt',70);
INSERT INTO plug VALUES(6,'nJbGSWU358bzOT44YsCm',75);
INSERT INTO plug VALUES(10,'Ssx8kQMaYYDc59IotDs3',79);
INSERT INTO plug VALUES(6,'4fhTdnMMleN9eJukjN8E',53);
INSERT INTO plug VALUES(15,'lDcL6NpeI1RqLM8aDBxg',18);
INSERT INTO plug VALUES(16,'8imkpt7INOUuZPzyCaH8',38);
INSERT INTO plug VALUES(1,'3R0LqnQm1XKNaubMDoHl',74);
INSERT INTO plug VALUES(13,'BKVzvmwBLF1uVBaGr5oU',35);
INSERT INTO plug VALUES(12,'1QEoR8MmGCWPWX4Cfq6z',41);
INSERT INTO plug VALUES(10,'43IitRkuAJC35kwaAoAB',47);
INSERT INTO plug VALUES(1,'shp',10);
INSERT INTO plug VALUES(14,'1JMKjBZJ3xMiL4QdJngI',20);
INSERT INTO plug VALUES(18,'bfwB6e1zZxQCVZeQXH49',36);
INSERT INTO plug VALUES(6,'QPxcWkRfuSWpq5kUXWQm',11);
INSERT INTO plug VALUES(9,'3fQ59rmULrpc8ScdKvZc',72);
INSERT INTO plug VALUES(9,'z8NZHchbPYoQpcxKyCXY',98);
INSERT INTO plug VALUES(15,'8Oax1H9MzymShYd6WjtF',40);
INSERT INTO plug VALUES(11,'GSGJYA3PDlKigJRUR25B',2);
INSERT INTO plug VALUES(29,'kgz39QkTNSnapitNzp4T',24);
INSERT INTO plug VALUES(28,'Wyo7mYpFL8CqZuC7stac',49);
INSERT INTO plug VALUES(24,'jK6e0whEUzOw5heNpIqY',95);
INSERT INTO plug VALUES(6,'nHriYW3HZwevbQcPQZqP',21);
INSERT INTO plug VALUES(9,'vUKNggejs34kkZaISp1H',2);
INSERT INTO plug VALUES(22,'RNMOFOGxtoOkDYzrBrNb',59);
INSERT INTO plug VALUES(28,'DMe2vrEVuos0s888tYJr',59);
INSERT INTO plug VALUES(36,'CLDspVW8wYkAsB0AuTBV',11);
INSERT INTO plug VALUES(35,'6c73hJt1DLWclAilzyLZ',96);
INSERT INTO plug VALUES(14,'UqRi6Bo5NJsedCJLwwRJ',18);
INSERT INTO plug VALUES(13,'rDLE2Gco6IODVcMFGYCW',75);
INSERT INTO plug VALUES(37,'uGzuew1Hil1GYmpGCTLC',13);
INSERT INTO plug VALUES(22,'94G5THRWhzp2sowMtA0o',53);
INSERT INTO plug VALUES(30,'NwYAvWfAQJDX5yjUXYAx',89);
INSERT INTO plug VALUES(5,'9uKqAO9y6us1hVainm52',6);
INSERT INTO plug VALUES(23,'80QMquxFEaIUAeegT4O3',91);
INSERT INTO plug VALUES(3,'eKexw7dWo22BtCBjN5zh',33);
INSERT INTO plug VALUES(21,'WBXzV9S6iMW6nf5q0jCu',95);
INSERT INTO plug VALUES(34,'lufWM68KsMu2Hxd9pMnd',57);
INSERT INTO plug VALUES(17,'0dhC10aRv6BI55Rbq1sF',45);
INSERT INTO plug VALUES(17,'fSPmr0NpwqLvB6V3mRXd',46);
INSERT INTO plug VALUES(13,'vU71kphXkSluk8JjUHQ9',55);
INSERT INTO plug VALUES(48,'IQ36UXnazhgmj7YHxEDK',11);
INSERT INTO plug VALUES(22,'LbQg1EMHamSeCYRjyz8B',51);
INSERT INTO plug VALUES(47,'wpLJ1Sw0RC5ZCnRzBcFX',42);
INSERT INTO plug VALUES(45,'iCvbrFfMAwDZw5NoN88A',48);
INSERT INTO plug VALUES(2,'ib3ycEqhFFVC9Psqer7k',77);
INSERT INTO plug VALUES(43,'rAcikIXl7kKwuqbeFww9',40);
INSERT INTO plug VALUES(50,'ETzWZffDPPxrc6IpHEZ5',79);
INSERT INTO plug VALUES(40,'hADSgu3HFQ9x7bk9Utm8',64);
INSERT INTO plug VALUES(26,'EPWbRblgXzsTpJ5eur9l',87);
INSERT INTO plug VALUES(54,'AfyJ4pnxE8KHpBeMSZgN',48);
INSERT INTO plug VALUES(10,'wP6vTSBZKSIbeNh1wvg9',13);
CREATE TABLE customer (
  username varchar (50) not null,
  fullname varchar (100),
  phone_number varchar (20),
  email varchar (60),
  GPS varchar (100) not null,

  primary key (username),
  foreign key (GPS) references location (GPS)
);
INSERT INTO customer VALUES('JW2UpA3HOVxguuNpbCthMAvGJyV2jcrtBP10TSy7p75nrtx2D7','AYWmlFFdLl4rlcPCQMmhTVPOzEVFMQncDSV6ohSUaP3Gx0ekb6','fe3Ooop8jvYdvsRLu1mV','zUO7s0VpXAWG1x1JWjgRfWAzbzpmsbBlO68UCt4b1T8M2t2XQKAZY2zkPEeb','47.31517540681511, 80.20666006486385');
INSERT INTO customer VALUES('obPsw7Rm5YVmWOFCXQ5Ato31nwtFaUFtnaoGPtXCqZ1TGWV9nA','IAtTXtiltaK7Lmo24mPNWq33Vc0e8Mw8sBfWMnQImV0ajlxJv6','MkQxbkIEZvc48XXawzmo','2sXa4Xh7M2SbKlgB9hIIYwKu8JyIxSUMwnnmVwHL4gOaYS1qDA3v8O4Rrte2','42.01757980096417, 128.91906335853898');
INSERT INTO customer VALUES('ZWYO6eijAd8BjSqTX0TKUBlEkb7FRtUW4kEzhaw1JnEL1kY6bQ','aYmwZCsoy6FeOTLR203kQXw0pbezbIEv73wVfiDwYGMYDNA9xy','2FQ1k0BsJk3y0zQWtsQg','PMoAOdPa98hdkzPB3LVKCaLoUVM26zEQq7r3hXxlKAKfRUrKEh6el8XtHTav','42.01757980096417, 128.91906335853898');
INSERT INTO customer VALUES('IQN5fo2glL9vtCkCcyFjIMqfNDTko6EobbispeHz5L71Z81stU','ZhB2xjIxncuvZKUj686fLZcXmkcbwGIfkgBe5eIZSo0psO974H','GSxi4LewvzfldWfmw38B','llTW4uTgbGBzXxIXpv4ZWAyJFfcz2JYSkiaTJmZMHP0mZVZn9xgjPDx656i2','47.31517540681511, 80.20666006486385');
INSERT INTO customer VALUES('SuY34fR4fIRY0e7rkgVD1TS1D07rq9894EuRp1kA7dDL6wXVdv','LnDUGDZYy5iRge8U0FTvKnQUj5DQh0zTo55YtdaSg8VP41hRzX','ym2qEqddPMhQTPILR1MF','rTRprIcEOBgxcnoQAnoVBxD2HlJNbjwwt9iZ2u4cOOondtfUUkdhKaqBX4YU','47.670250343770036, 82.70502250511663');
INSERT INTO customer VALUES('ZOPJQEWnaujAzrb9APWrqN0Atff1Zh7clJD7T2wz7nShl2V026','365aitRiyZD1WSskTmAjWbVfZIyIuu7Qfwnf6t4V79I4vD583U','srzXuqGpoxdUiIZlH6rc','S07UMOITIpcLV7Y6J44F4OewmhsfczJ0ySYnWOw3QkeyYbQnI3g6aRQVle08','50.63192170994848, 40.20748323427342');
INSERT INTO customer VALUES('3PWWWNvu62QRPzBTqTUv7ZRPl1cLoiRMbJQL9IQS4zzRE7x9h2','zZh05ZQCtkKLQ45xJVGRNsJCo68mDGo2MUq6tTW6kY2tPVj0KT','cCP0grUUUe6eTIlTWUEa','UOgzeVc705YwDZV19Ylfzv4HjZtkkZsi27aEZhnq5KTq6ep9Hys77qNihL1D','57.45113712041325, 57.66061486046877');
INSERT INTO customer VALUES('y0bOpBhUdCznFbnzmFGEwAWAqMcR7TR8LHVwq0r6JgzXIi3nuO','PWlzKseQFozjgeDYeTVJDvpkOF97EcB62STmkZD4PD6R2H6Qhj','B2vAkW9R5QFBTLpnzVUt','VhJkaXSvhj134Zoe5DX1g8cCsuPq3WCcQ34du2KNCqGmrYSY0EHenGo4c47E','50.59242792820055, 39.51874569926419');
INSERT INTO customer VALUES('CiRegGNHsqbWUFYp2qveFiOJJwyVPqC5CqNzm4jzIlF3P1Hq48','ViFPHTJqHSlRLzYSQpuQI9CNHk2dwOjbdtEmdSbQNIscb8vAWf','GvyEdfyMEV34IJ1lc15S','CFAZrfNfR8ee9IhFz6Zh0mj0qrGHAFk0XDp5jtPoTu1pSzM4o95DOryX6yKy','50.59242792820055, 39.51874569926419');
INSERT INTO customer VALUES('yODUyT5cS1hszN4X5IRldVuF7NREr9IfOWD1ay222OvhIrpy5o','VR2GITGgTgF9y46cG9dIXWlgx9lNazObX7xSoohURPvW3T3Q7E','C6GDEWMaLAca3cxpJTEz','3NIfekkNZEewFYaXM5kg1IGJTaonSbbhZmCLbUUGowMOYdGE5E7pVC5XuouQ','47.670250343770036, 82.70502250511663');
INSERT INTO customer VALUES('ONpXgKCwtW4kaT4kXDrnaYSMUdJBIAJr1VJoz25nRXouwYIln7','5MEoKZI8TDwRBkX9szadBFyH2DxD6nHHCL8Ffuo3Vc3BRuKD0L','DhYWKE2Qt4ojPdis0ogD','PlTiffiIwY4VrsjLEUgJIUXZBEc3oy8iKSC2yGycNqkUChzSjEItGzAnBxxO','47.670250343770036, 82.70502250511663');
INSERT INTO customer VALUES('Xt18AZrsPVAuIAI989X0PQW87hjX16M1NNmIu54ilzGlMzXhsz','7o3e1XDz4gbyafDwIfPXDiI81JKMvLrHQ6NMK63DLd7eF4rdNx','FvxU5Qlt7q3pINslfEwa','SwviF0AJ40DOoSEpaacGaQMWtaiDJOYXlKeVgkE2SdY6coO123nPQxZSxhXy','50.797602143242514, 100.95957921221905');
INSERT INTO customer VALUES('1zDjC2nKCPXkuSu5d3cuzSPWaM0CzWLS63QgnD1W2A8HZClkaM','EDYbMpBtfh8kXshV5ucaGS09ld6vz7sYWHB8ryP7B9OPr0wPfo','XA7ZdRUqSFPnhx89tXWz','D0JGSBGHKT3ahVsmXKGNp7j6nZHYvU3r6s4dFeTmr0Yg6XgOhBf6DhoqWLZj','47.670250343770036, 82.70502250511663');
INSERT INTO customer VALUES('YXJkdLdn6wf2kLjzBF0CooiCl3ZbJtLjr9DKrwxFJZqoJuxCxV','3hMmqqeKR1HOmmc1K17BCTiO0TbbdRwhn2tAkh14FJRxtN7N32','LkVivpLXx7fQXsQNAJMs','lnnWpWkCTKN3BKb9NCkUMIxwKOkwrAMQDfd1zUi9K11HyNJmud8evuKKe4lb','52.01503784970335, 94.1067444971004');
INSERT INTO customer VALUES('cGG04l4nVwZIWw6z4w6lXCEag1IHMwLHxCyjmNxQD7pF01uPIP','8WhAlHfUDNdlMkgJ9XnMOsMxwWVAiPMNns1ZSaxS2hMzpXdn1Y','50m6FsyFjWhL8RpIgsig','YB4OvtufaaFNYHd2nk64jfqqtBb24xA3mdSi3Omb78uBuJkqPwKVTgMAGErn','52.01503784970335, 94.1067444971004');
INSERT INTO customer VALUES('PSdO8q9Q8tVgYiHKWzABHKwbK2gWQ6x1pK7EujSP17VNx17no6','lLPZyhVtkLrJiRSzpog70vwCn5FUqNdDxqJv4PY9oDDz3nDyO9','DbRfnJKjk344FpzRtsQ8','dBFio8Txy9dTdpHfXfOvadoPE3Ohz0m6sftO68Nz6CbRnmk3T0CuUTgtJ8zk','57.45113712041325, 57.66061486046877');
INSERT INTO customer VALUES('mfCkeDv4dBVs01a1RpoDH8EDo1PXV2xZ5psyX7cQESJeWWCdzm','dlsRo978deKUfbj9WWDJBe6jZ1ohYiyASRv5Qtk3B6FkqY1sG2','maSi9ljUjjW9HGzO3qOz','uxYR3liXiE7hB7NmfoshXR0dmYlDf74kMCniYAvMyc6Mq5Mm5kbIysdDBDfY','50.63192170994848, 40.20748323427342');
INSERT INTO customer VALUES('wz1r19jxDL1XNQtDc0TQCESuVXWSrsmTcXxVCRzfq0ZmxgJegN','9Ra5fd13YLYppZ9B7N7BBHK9F2rpjuMxwSVcPalLeQNXHPELrf','mqDSNAa7xntwdNwdCvKM','Uba0MYKpnTgPhkjLDlTeim0F3KEJ2HOn7AI8zy0G4HjAp8RgEpr8dwHSszva','50.59242792820055, 39.51874569926419');
INSERT INTO customer VALUES('xaM2X865JSDMfgJoFSEDHM0xaFWbwccFX6qqdo3ktqJW4PJE5K','5sFRXrOMu8DX9gB3Y8iy93CZz0FyXEU21m00QfpXWodYvdGxtw','VTyFi4qlVvgwQvXK3xbR','ZPTLf8mf0Vh18bolA90mlR18pVchHp1cKohNvSFrDDyaJYNpmanhywgoPqec','41.214965901258296, 63.573414555732874');
INSERT INTO customer VALUES('V2agZz41MdUq9tZbpdvkkzFav5oXL6Jeaw7LtcMOfjYfbmunmW','RIcdYYm33jsbcYbWplZqywb1uySK7Ct3asWU96hEeN4veHdkoE','AFpgaTE1DVZpAEKPJtUC','f4bZunOMfZ17zWnuu7sGf1IWnS1ik4fde05kDcEyi2kptnit27EKZ9ktedjE','52.01503784970335, 94.1067444971004');
INSERT INTO customer VALUES('Day7','7','77','777','7777');
INSERT INTO customer VALUES('Rb8ZtjfBwZkjpqHIg7hC0W24Xss8jEwGPq9pRqx0rCgvcZq1DS','dNPPHoq1RlG4BLnSrFwKrZp0JPNCjYP161MtdmhLDCGuLyIwxi','IjQ3Tmsoc20jp933OOmK','5c0RfUD5MjconCtKV8sNVJthYZ89nAkdvNNYwLL5fOGvR0MjiwyYn9LQoImc','44.058891276477546, 58.42304928275256');
INSERT INTO customer VALUES('YOePS2lQktjmcJnZc9DcOTIs6lykArcAYnbG9UJ5022RcuXQyC','AC1XR0EWanFoYMQE68JPGw8AnTbCkN7hfg1p5MdEf6SKQrDFxR','L2kAdHuDqRPAcHMYa4Oa','PP1s9N99AA9Rz42Y3xOkYKtrIhIlGVPVG1xlIjwS46H0GDMzQ24TOozuC09A','58.30844813311141, 100.61536531459708');
INSERT INTO customer VALUES('71koS8ZZ37lRZnFS8mIqMgyMcMHrduNZWoS86MNFATaQFoTcdl','HCUgDABbj8VZO43ZkYbJ2ociedSCyX1juiIZ4HcHVpWFysLZ4p','tunVlL1ZubytosLvPDD8','UFcAB7PkNpy9SnPAEbXAHhahPsArGveoehKk2NbRIdIKysmAKKRbec98P9mi','42.01757980096417, 128.91906335853898');
INSERT INTO customer VALUES('7KtJDpv5Fv3ZlLGOgoKMkE0buWkGeGtfmpmlIGbT7eeNRKp8YZ','n0wRT9gxqO4ylENrolCdzBgk8Dxr2YDcHqSmZtY0wULPwrcvd0','Eeobd6M9Bguam3Nrsove','UZARHmjxiJyrbqnwIhxFczJn3KNonF445SFjqU5fB2u7l5DsG3HUNKVlaugq','47.01281082747335, 106.45388868808256');
INSERT INTO customer VALUES('dpuP5VCF74VCpriCNtUBYhO24F3hCd8SOVUYIPxPLFJIL6kiSL','OaZKlXBg0Ft6bYCQayuha54g6jpOUettdizRt6swkIBmDBk8t8','GF6rGZuuRIykLFhqDSo3','gn1r25yaFRSkK7zYy1Exu1HfqEHLLZLdXqasU4Z1KlASfxDkJ5mTVTHI6jvO','44.97091397278144, 102.09981370904299');
INSERT INTO customer VALUES('CuuP5pjpIA5AUm60COKnqjyWhgTlc3F49NEP2dXReZ2eY2seMf','PQoxaTN2r2bxfuj0N6wyfZPqEPw3286vSfr3KEIX7c1DgsqdBG','DAAGgmJ4G3eRzL5Wcf2c','W8H2WNgDytAH0ZWuf2bDhzK40hyXpc9QEt7MhqXub9oAJJ1OesljzTGXBGBF','50.797602143242514, 100.95957921221905');
INSERT INTO customer VALUES('ma9XdmGHUmnM597EJkW8c6E69IWgVFvYTEdtWMyDLDrVEBP06U','VTySu9BKI9qIBSt0mxNDBn4JM1U7CHl63COzX8OBLWtSLQLUvh','J3TQtjjkuy7oMkSf36P3','dKJ9xSG9ykAuCf5mCRM5xGiSBvWdoavGndzd4ReEYeJwR8RjBjHmYQlwG5C8','45.13262331751034, 121.82168193281288');
INSERT INTO customer VALUES('A4SB5RfFoomXVuharvKqNvIldhQriQ78l83tMcEJqeGWHbti6n','aJwo4pKVRrpAJhXQmhIwbkEGpvqzhlzcwlsHTuM24eTV6zGFCu','Zpiibv4c0sSMFAuThIuo','fMCoUH0R0ENAtFVSIXNtgqNzjCF4nf4LmgpjcLARt4op4MJO9HW8s4EpkMn7','41.214965901258296, 63.573414555732874');
INSERT INTO customer VALUES('zDFdwetg7eD9vSGfcos8Hbm4s8MhFmGIDQSEuw7UP2Hd8I2ai7','nwnutQERwpgaZ14SqUDhebzZkKWUshvpV3VGVNn77DXt8VnotH','2W9PFPHrxQh662iplrkJ','2FpyUjrpxV8dvJO2DJZy9RWzAclMtRjPS0TDRaNAqjQ4ubaaMJAhUsGQdZ3L','47.45763813769374, 49.271125519535275');
INSERT INTO customer VALUES('gcsSLaeQlYwkdhT4llR3WWJ2nrqFz10Pp02fVj4eWe3MMuOWr7','9xKSaoB4DEMZw2yd04bPksSpJRnYHJbsG3Z7UYfL19GdsiuIUA','oeUPCchAaRyZsOxe3pDI','CYISmzxPmEBEYgdZEMoc87OHzViY6Ob9gSb0QmPCzRPHq9qUitXwGLWYxdTa','50, 50');
INSERT INTO customer VALUES('NKdv5sD2cmcs0C8WBqR1OkM1MRkFteDSkfbYUiUYFIqbx8ikQU','8y6jdGzZR6273cPaB24vdY3Ds1OcFLsFfcdx0lUM8gYVHvHRa9','75dEfxJYAa2nc1W2T6cp','JH91Upyuwg16rcP9vbZdzFP4cuLkgy8JEUpmm753Nvr2jUXfBC8hS3QKt2Sj','52.043379182301734, 83.15316563135426');
INSERT INTO customer VALUES('8JY6Jj6dYSyoCkURdQcXDfaB7Cs45DMNBM4wNV8sKy81P3vm3c','zBjjmOnqDPfvt58HYb9K3zkXnZwPOdEsosGlu361c7bzmVYflQ','IJqcCcZ7IdpOn7nzuNJn','5LDe4tL5YknhPJMSStfvOfcbMy4CrxOzkE6HL4qc6NQGSLDn7QZXr7lrO04s','50.797602143242514, 100.95957921221905');
INSERT INTO customer VALUES('94YXI03DWMcdcvmKZ6XjUTn8sdu9C4d9GqQudzlAuFsRyppCch','NTobCEzBi6ZXUGImhTfHJMlFQyKuUT3f6ay6wkvaL8P1yR4Wwn','5HTBPO9oDODnCg0oBSwq','EW9VsQTNgRtYmKVoBQ4ucakKQYG4uDV1zgW2sEhyHhSHdOaDFm6HmCt7RLvg','47.670250343770036, 82.70502250511663');
INSERT INTO customer VALUES('5IFGs9YwrlRajp3jKIUiZ7h0CPkcHeyULLqnSEZOilQYc0L65q','r0UQW9Ad9kULr8e3W0MOnpVoKRfwCOtUs9Yyydx0rBlv4l9BKk','2xOnOY3WDAdp4KDG4vJd','FlbT2Em4OCeIiJIN4oOS10q43at5UO6GGDxwH2qRvnvLB1O1bipoQMJt0aw7','57.254639677637954, 56.99712040939053');
INSERT INTO customer VALUES('4nudtMlnyzmVBxSjHsr19a2jJ5Nz7tHnlZVFrjEg7df7DZxjps','R2LiT38NvyxbF9XgiHM6zxej5fWKr9e3lBEhwK8TAn49YQyktE','kTnV4feI0fLuI038B69A','WZrcVhJTWsAQI23nj4HzRh4kH4GulxpvJ8jgM6VlvUiLf8hdTOZ1cq25LP04','44.885265805479136, 51.89775211868131');
INSERT INTO customer VALUES('HJU5BP4oGMZl2xqbct8uIJFIH4jqfYtxseaa3xT9kVQv5s04cV','TQgrDPznto0ySSYjlCLdEkGKoOlglAJkNkgb62T4lVeVafui1k','PtuasJKC0yRCKbY9DZQV','eI2CK6OKQ3xCMH79PeVcQ9aYvlT6cbd2xswiLgN2iOY3joRajkaGeIaxn5VI','48.852564072443485, 76.96328556131893');
INSERT INTO customer VALUES('m9abaE0IcdWR6pYfrYtZerfIRLQRIesecmqwesC6hizzTWAVp0','QqPahbkvZjiKltrOANYeTYbW3WGfvca8ldf00AUfFjjW9gpSUX','GFPa0PWEdNbKkXxtYDZS','mJXhqTpSd7rLJSyfoHO7fQwYy8SfvHLQ9XFlc9ru72dqfSg7y8rGpGcS94HE','50.63192170994848, 40.20748323427342');
INSERT INTO customer VALUES('QkINs6s2P3we5IvFkhUZmL6y83Tx0xvuntyou6vWzEnNWbUUqA','4xRNxKaHHlEcUks9XwVQgrgZg3nH911q9GOVW76pzomVfCzj2b','1ZqFKkahuYAZw4CaULrI','4LgYbMycObwPucomUvFAxYS9xLu3CEXfCPBF1O8oTkTDnkHBxDmqznaGOS9U','45.13262331751034, 121.82168193281288');
INSERT INTO customer VALUES('JAqKLA2qlbCEsUJWmRIgdUNxV8p26G1KkmHd2uOEQt6JFwfJaH','eYRQ2UBR731zHoqo2vTpFhvw8ZtuwBdNCDOf8NoY1UUhFu6D9J','lyGxrJ8JV7K1xLpZOePO','4OKFfO7Ng66XHrLeLVn18IjY8LlG6oTbBfRaNuAWLjIBYPDyaUZwjTdl0kTj','45.06913965654392, 92.34513574469129');
INSERT INTO customer VALUES('MTxRxFvm4XoNKDr1ZsCobk9tL2Z40tQJ4QoMF0lfC0iqYdia7f','zVtCRCddAXaAoRGIeqMlfhBIQlp5kvI8iuJdyRLUGeX10cxGJO','PJjcBeCYKQ3QIEbOTlbg','LGcEks4yFxlETvwAoSIshd7rttDW6WfTp18Vm52vRv3rcojqv5jI7Xt9Jj2w','45.06913965654392, 92.34513574469129');
INSERT INTO customer VALUES('fb4Ka73gkJ36atmRi1dZHEjorops7fNgb2619xZPTET6QWpsuO','aqx3HNU0YFdc892unMRziOWCsWnqy1ar14iu6ygbRIcbVYqkSl','Lb6TZhMNAfLqSfSzPscm','8ONLe5Gt37lYGCJ0oTH24hv0TzCKtOREMOZpl0CwLkZxQhcWKdbjnoNypZDw','44.058891276477546, 58.42304928275256');
INSERT INTO customer VALUES('6DNPnUEuBY084gQ3erS8IDCaZSucTfQz2dzqNbdTcsU5Va4tzn','qVqtvi8yKMJQnkDVtAY0kPUcoSg1yC84UZOcGVyCU6RufEOpMT','EGZMoQr82NYPHdqyK6tB','PpS6lxBEXZDPiSWiYZ7h0t6QpLAYmpv86fNFGchkdFoPr7yIt49pm8sqE7dQ','50.797602143242514, 100.95957921221905');
INSERT INTO customer VALUES('klCqq2iGXabcvRiNE1xNNXWqX48WhscCLUWfIy6ZMCVwnNhTv9','lO1GiAEkBO3a4P3opnOZnL06nE8gj7wROCGzyL2LYENhB14zQm','PbVoffl40MA3Y9bWrGDf','M9tcaoDWAPZjvo0G3IXhB6qSTT0FXHhJDYa1wUrhNtQBotORtzKhVaKs1H85','52.01503784970335, 94.1067444971004');
INSERT INTO customer VALUES('s69sjHyC6sGtfeJD46LaNKjNhDKIZmQCw8KgZ9toKFZZYTEJQQ','UT1RKCSBd2tqyTCJH0oWxy7Lga0fg9UGlUSjZKJ8uCkAwQC73a','j0MnyDVykXu1tQiTOWj0','Qloge2icxdZ7ccNmE1g5TFTXcch3XcDm47XHEWVh7sJbiCCgm5UVXXI0EYNi','47.01281082747335, 106.45388868808256');
INSERT INTO customer VALUES('hYqFP3E68gBO1QK8IcYnXzuYEudZIxlH6IAViQH9csHA68yEam','SROMpQsYiZURB0XvwFO6casEcGuX2OxtLMSrosgeAINCaGrErl','tXij7qS5MSeYLVRW6aqv','gjaQtmNJ8COhrAxkcBuULbcB2uRwSxywywolVG3TJcyLbQMBg8tKX87D8382','50.797602143242514, 100.95957921221905');
INSERT INTO customer VALUES('8JVkknpuY94JnsJTbvyLhklfK2aXR7iFTqdnUS7G2ydGuJGC92','uKVv364pcbZAdOWQ4BFfethbAx521g3sVXRa0wB6HKSJoVyk4b','LfWdOzNPQUzVf5i9bRYL','UMJggRakTTjNteZNhfNfNKM0RHJcw89zB2ExIrLaY86SKmqfLqQZHsieQHIh','47.89213097361137, 85.30505957638005');
INSERT INTO customer VALUES('FpyzaCUeqs9v38Y1LVpWcd1R3QPf5ayzJ5Jj7M3hw43aToifbq','n8T954fwlTNrPk4Q7jxlJkUDA9n3SynzH8kMU6qyXWxjQwH5MP','OB2HRO7gM24wfmsGMXyL','512LgwLHjcbQSA9PlQjGW5dfsbEOQ6IPd2EBmH3Dswb53vL1b2Y3QrV5HJzD','52.01503784970335, 94.1067444971004');
INSERT INTO customer VALUES('BRosioUQSgPlNCQG4L5qPrVkizhhl6rNcODbRKLimUTBY2OKiE','rw9GTV4Kb7Vgaki3kY85Ji6RoUK6B9zItk8ap8UuNNWSbro8Yx','BE4dWTngE9ylYG2accY4','6JiSqvNYrTL3mvm5Cpv2M3t6jf85qK4VD6OGdZFxyuV5BV8ErobQ94Lnrzik','57.45113712041325, 57.66061486046877');
INSERT INTO customer VALUES('MpVsf065aEoFe4y4U0ClvsGJVsg8mg0fpfrVIQyrsoYzHuIOGE','gOp2CdcQIbo7D5PaSfzkveZ4wsu1KKS7vTporxxGE4W56bruxf','w03iGu5y5qwBQiQbnTvK','ZkeK9QdCUARhAQINRV8TlRwiAt9rW7ZfYttfR4Zxxjrb2NlnjNfiIlW2H4qf','49.839674162839174, 44.46753025066181');
INSERT INTO customer VALUES('nwBSELjuRLfmxWo0MRDJvLbXmoSiXjLOedlSmK0tG7egUNtNd4','yZzy9XDjXmXjWVYNBb13XR07cGbjuHff7OhMViPqbZ2MaIY9J7','Fv6CabPZnKWcrsaNoyrn','vd0VXjFIpBW41XvEYD11E3p5Xj32WEf8lnqHkmBykH7K3iQig5gKMLkVdlFc','45.69939390379326, 80.25523969009325');
INSERT INTO customer VALUES('ZRctqlU1BDXRlXJUU3BXSpYlllL7zA8GP8NDgUGbIBq56yA5RR','o801yqfHsY0jB1j0l1USR8hMGCc44O3nJQwKmK5nV9holpVPlo','Rpj2N67XxGJ6iXPCazDj','EjAf9RVQeSwSpvma5FJY7KktdT8gflGpQtKn2bW5VWyVaSx1lEPFNxOJoTGl','40.75776406067014, 73.2687911599754');
INSERT INTO customer VALUES('u6CnpzxE7wT4BdOLBP3vv76Fy3cKXmzxU3Bbb7mLo1L31eQtvL','agHRwa6bqAZhX1bAgGTOjAbGRicCj7Fc8zP1Q4NprzB0QBDcSw','yPgJ90K9Il2RrHUxzKnI','rhN4g41vs9wycEJgMWBkoM64BeUFeaT8TdSuPBHFZWMgEEivwliZiSHAaYsP','50, 50');
INSERT INTO customer VALUES('tAnkxFdCsxXq4oAuQCKaZUkf1AhQNZC74nDk9FROobt9FvekXy','seNNUpQOgtaGHxMDrN7OvKQmgUE4Z9gWubq7fkoOOYBUk3MLVE','pr4Ma1lDQ5GOlh3QYOPa','uqD3geyK3OsYJtUt9A2mswIQBuJdovESP7PmLLam94nYl9u4TDVfUF5orlg7','47.670250343770036, 82.70502250511663');
INSERT INTO customer VALUES('Ls8SPdi9xXWdRbXy1FXOU4NMrk6ctGyfNzb4CU4GoYHPxMrFS8','4JydEdpvqiulqeCSkuUnSilxwOeT1ZCvMllSzy7jax7tkpI07w','4kepIHDLZ8YRU1uqCAbv','ExPoYXEEhlQrNXdzOveKgypl8FtSyhsBc7b0Iw32mYXiaD5gBQKOLU9Hqadp','52.649386855982534, 67.52669449998918');
INSERT INTO customer VALUES('fFc7Y3gUqYJpK9I88VrB6CNUYxsWtgkThCMpZSbgLNLgbdLcjI','CJqcP7gLhph8RXIVkuSMQug9OBn3T1w0jkdEwMoglHgnlpF0kH','64KpzsO37sew1DvmMsU3','NNKkveZkhODkfLmJ2hJnRyv0ul2dYATpCX720wlV2BDSOH09OL6mHvL4DVCs','54.22352738604236, 98.11446770592435');
INSERT INTO customer VALUES('mJWNXmEtGN5rLVTl68ZRu5Vz39E1UMaBKmr2OyQSQ7hkROgtgA','W2HDRq1fbXsqHLKGfHjAkTzeOAOvaQJWAUBI8qnV3S7C7YSWQR','nJgZHnlHzEZLQiymHlvt','p3i4aLJ1b71sFYyoOlWOSFjt6fIWUmpTchtf7Odf6Kdxh4yzTLI4phJt8r12','47.820104637165066, 100.9147448034159');
INSERT INTO customer VALUES('Ps9H6dtfK6j6lxgWgkHXMkKQUMNmNe9aU2bqO9WT07wZwVonys','Rit5tmqQ1maPtHSigkWLTsUThFFLrxwDPqT2JQorrk8pLChNEA','FmAbmn0qtlMuAwYfa3kt','VOnuHmJul1KJXDXdKgdGwUtciluxLtwgfN42lcdQc4OdqwbsGq6q4bCt6gyR','58.143026879657455, 82.20874138331834');
INSERT INTO customer VALUES('6RUVMprYZz6PN5mELry57y7xQT3ZVcTHLXP8ntjZNMfLWpFOBI','SjM5bWNYp5xCdfCPbJ7ZwaH0sD1n0Czd4Vatd6gLDrxvrMnNx8','CD80QfEgCd3s1oN4UPDU','wln6oowtZgi8R0xNuYoj1p3L3pF92W4KtNEebaZ5tgCLg03GGduzgu3kzcJK','44.97091397278144, 102.09981370904299');
INSERT INTO customer VALUES('8OksMkjgf6Vd44LOUKcnCFmVcpF8A1X9FDJD8sd71mAzt8SDbg','HPLk6KMY1w1O4BSDkh8VGA8fkFawiJA17EyhtH3Xzk5yddd0fW','3x7Ie79XhAoqfoJGTlc7','ERDYtlOIdG0fcGnROxy4VackmpM2802vhqpcfWQQY52DE4tnrQJ1fGpHL0GI','48.35323071366375, 43.6589473657918');
INSERT INTO customer VALUES('BC8wITgLZcdUgqEmcxN0otvksXRc78IIcAX9re9F3MqEwG26st','NJJXe81gRTwqPbVWif495BtfhZJmo3Cu2hb4ih2JySjfn6Atld','2JWVmlzgatQudFQzhRup','wExZjnhN9fiwvwXxR5iRdq8nDoOxBT1dg5aZ2eDqtlcB1OPlZbuXwRjqth3c','48.852564072443485, 76.96328556131893');
CREATE TABLE workshop (
  WID integer primary key autoincrement,
  open_time time,
  close_time time,
  GPS varchar (100) not null,

  foreign key (GPS) references location (GPS)
);
INSERT INTO workshop VALUES(1,'13:00:50','21:35:03','47.31517540681511, 80.20666006486385');
INSERT INTO workshop VALUES(2,'20:54:32','12:14:02','47.31517540681511, 80.20666006486385');
INSERT INTO workshop VALUES(3,'12:41:32','20:25:52','42.01757980096417, 128.91906335853898');
INSERT INTO workshop VALUES(4,'00:25:33','01:03:30','50.59242792820055, 39.51874569926419');
INSERT INTO workshop VALUES(5,'13:31:42','03:44:53','50.59242792820055, 39.51874569926419');
INSERT INTO workshop VALUES(6,'22:15:03','21:00:45','50.63192170994848, 40.20748323427342');
INSERT INTO workshop VALUES(7,'10:32:35','23:44:50','50.59242792820055, 39.51874569926419');
INSERT INTO workshop VALUES(8,'13:55:35','21:15:53','47.670250343770036, 82.70502250511663');
INSERT INTO workshop VALUES(9,'13:13:05','02:35:52','50.59242792820055, 39.51874569926419');
INSERT INTO workshop VALUES(10,'01:55:10','21:25:31','52.043379182301734, 83.15316563135426');
INSERT INTO workshop VALUES(11,'10:41:02','11:31:20','47.31517540681511, 80.20666006486385');
INSERT INTO workshop VALUES(12,'20:44:40','00:13:33','41.214965901258296, 63.573414555732874');
INSERT INTO workshop VALUES(13,'10:14:04','13:20:44','47.670250343770036, 82.70502250511663');
INSERT INTO workshop VALUES(14,'20:02:35','13:34:44','47.31517540681511, 80.20666006486385');
INSERT INTO workshop VALUES(15,'20:41:24','21:12:14','57.45113712041325, 57.66061486046877');
INSERT INTO workshop VALUES(16,'00:21:50','02:30:24','50.63192170994848, 40.20748323427342');
INSERT INTO workshop VALUES(17,'11:12:44','02:30:12','47.31517540681511, 80.20666006486385');
INSERT INTO workshop VALUES(18,'22:42:43','12:25:31','47.31517540681511, 80.20666006486385');
INSERT INTO workshop VALUES(19,'22:40:52','22:34:31','50.59242792820055, 39.51874569926419');
INSERT INTO workshop VALUES(20,'02:10:35','02:01:34','50.63192170994848, 40.20748323427342');
INSERT INTO workshop VALUES(21,'06:00:00','20:00:00','50, 50');
INSERT INTO workshop VALUES(22,'13:54:53','01:50:32','47.31517540681511, 80.20666006486385');
INSERT INTO workshop VALUES(23,'12:23:10','13:30:12','40.75776406067014, 73.2687911599754');
INSERT INTO workshop VALUES(24,'01:31:43','02:55:31','58.30844813311141, 100.61536531459708');
INSERT INTO workshop VALUES(25,'10:11:05','10:12:23','45.69939390379326, 80.25523969009325');
INSERT INTO workshop VALUES(26,'21:43:22','01:32:05','50.797602143242514, 100.95957921221905');
INSERT INTO workshop VALUES(27,'02:30:32','10:51:55','58.30844813311141, 100.61536531459708');
INSERT INTO workshop VALUES(28,'10:50:30','11:13:13','41.29503342220942, 112.49330422636828');
INSERT INTO workshop VALUES(29,'13:14:42','23:52:25','47.820104637165066, 100.9147448034159');
INSERT INTO workshop VALUES(30,'23:25:20','00:10:15','41.29503342220942, 112.49330422636828');
INSERT INTO workshop VALUES(31,'00:02:30','13:55:04','47.45763813769374, 49.271125519535275');
INSERT INTO workshop VALUES(32,'11:53:34','10:13:10','47.45763813769374, 49.271125519535275');
INSERT INTO workshop VALUES(33,'02:04:11','10:04:14','52.043379182301734, 83.15316563135426');
INSERT INTO workshop VALUES(34,'01:14:22','10:05:31','50, 50');
INSERT INTO workshop VALUES(35,'22:01:55','21:22:34','47.670250343770036, 82.70502250511663');
INSERT INTO workshop VALUES(36,'22:11:51','12:33:34','50, 50');
INSERT INTO workshop VALUES(37,'22:02:20','12:01:10','57.45113712041325, 57.66061486046877');
INSERT INTO workshop VALUES(38,'02:43:20','22:15:34','41.214965901258296, 63.573414555732874');
INSERT INTO workshop VALUES(39,'11:11:31','02:45:12','44.885265805479136, 51.89775211868131');
INSERT INTO workshop VALUES(40,'20:10:05','10:13:40','52.88967052958933, 65.61187928334476');
INSERT INTO workshop VALUES(41,'03:45:45','20:34:04','50.59242792820055, 39.51874569926419');
INSERT INTO workshop VALUES(42,'23:53:44','20:05:02','41.465834604090546, 62.94354009373093');
INSERT INTO workshop VALUES(43,'21:31:45','03:40:21','49.22328011037405, 125.40559134897188');
INSERT INTO workshop VALUES(44,'21:40:22','03:30:15','52.88967052958933, 65.61187928334476');
INSERT INTO workshop VALUES(45,'03:24:50','02:45:11','41.29503342220942, 112.49330422636828');
INSERT INTO workshop VALUES(46,'20:52:11','01:22:52','41.465834604090546, 62.94354009373093');
INSERT INTO workshop VALUES(47,'11:32:33','22:24:33','50, 50');
INSERT INTO workshop VALUES(48,'11:24:44','22:55:45','54.992977784998416, 36.475594983257906');
INSERT INTO workshop VALUES(49,'22:52:34','11:25:10','40.75776406067014, 73.2687911599754');
INSERT INTO workshop VALUES(50,'12:31:21','02:31:05','40.802787742613454, 46.50543899901624');
INSERT INTO workshop VALUES(51,'00:22:15','21:20:32','40.802787742613454, 46.50543899901624');
INSERT INTO workshop VALUES(52,'20:11:03','00:54:30','56.63410494146614, 50.77424268052334');
INSERT INTO workshop VALUES(53,'02:31:12','21:55:15','44.885265805479136, 51.89775211868131');
INSERT INTO workshop VALUES(54,'20:42:01','03:41:01','41.854468282129154, 101.77821958957523');
INSERT INTO workshop VALUES(55,'20:41:03','22:03:30','47.01281082747335, 106.45388868808256');
INSERT INTO workshop VALUES(56,'00:03:35','12:15:42','41.854468282129154, 101.77821958957523');
INSERT INTO workshop VALUES(57,'22:32:42','03:10:22','44.058891276477546, 58.42304928275256');
INSERT INTO workshop VALUES(58,'11:25:43','12:20:43','45.24895612828193, 56.19815847175424');
INSERT INTO workshop VALUES(59,'11:23:43','13:45:34','41.854468282129154, 101.77821958957523');
INSERT INTO workshop VALUES(60,'13:21:34','00:54:44','40.75776406067014, 73.2687911599754');
INSERT INTO workshop VALUES(61,'20:01:20','00:25:44','41.29503342220942, 112.49330422636828');
CREATE TABLE car_part (
  part_ID integer primary key autoincrement,
  part_type varchar (40),
  car_type varchar (50),
  specifications varchar (150),

  foreign key (car_type) references car_type(car_type)
);
INSERT INTO car_part VALUES(1,'YYOj8RtZAef1arphEazmdDBkFKbXc045SmP6b4fE','KzVcZYSyGQ1nLIx3Wmry','XjwbN5oXzFuUH0Aff6XuBMlxhm41Dmcp93AK5vXSx0Jyyitp5aFNcb5RfDjYdAZb1guqRPVobWJhwiBxojhV30BxwxzSoF0U9VWS');
INSERT INTO car_part VALUES(2,'41yjg3SFFwujUC6ru3rU0yMPs5pdNO9pBlkBjh5W','hYzaWWl57VcQx0vHRFJE','h7Mhpy8ImKwrvW9doqyfVNagDLgYb3bqYSeD3xJyTTiBL16bRY4SjPWhlhgcD11Q0JhuYYhCyInXvjClMTpjRgiybJfvuqv7S2zw');
INSERT INTO car_part VALUES(3,'JNJ27QcA0r9qG31UXbhPtEAzt2yflRi1XnaNvUYl','4YEscqlj0m8vU840e4BA','GaU5o9Aobz6xmZk81aL3JWv45svHmQHS298vOxHcXp3yC2WwInpMBYp1gyMtDSqpawFJxGmXQWIbw4FwqA8BydUlw0arYVrhD2EI');
INSERT INTO car_part VALUES(4,'bcbu57bhunVmR5IzgB0CMRA9P9yUP63VQXwLK6Vk','KzVcZYSyGQ1nLIx3Wmry','AVSbubh33n1hqGQD9F1njNj0f2YhytYXekNrYNHHwU2xBQuz2VFL0YNFp57qNYKYA1B5Nc6QmOtjaZl3eOVrfHPmFo9H0GMSzfmF');
INSERT INTO car_part VALUES(5,'u5UpG9XSCVr0oD1nio94yzfeMGWfnL1TIFbe7iNg','4YEscqlj0m8vU840e4BA','8AXKWpKMbqig4nferU6MgQEnbxaWufHKFcxghDY9VDAJRj4qMAMuaKk4WnrOZd2c6HRyF491FkEKbeVA0voRN1K7w1xO9MJiHKJ5');
INSERT INTO car_part VALUES(6,'lgGt5NGjq36SFBlBdxAi00urT6oBFnDRJxKnLS2a','4YEscqlj0m8vU840e4BA','EYptYZwHB5jBvNMOuOeNKntAJKFFSDFeRpG85jhaU2B0QkLNbRM4MSxu5mNLr0tm7yuuJxCUV00dszDAxDXNcM91VHUY7Ie4T0oo');
INSERT INTO car_part VALUES(7,'xDNAEkE3GOceD2QAlum7bxDbwRwJGgUCvD4YBCTg','DsPijVtt4yFEIlCCUFG8','Ev1RuCGuojFrwHPo7JiWrlKgVnJ6eygS7SXiwKOekIdbgNKc5NZcW2iwI0G7dgSPMthI2WKFWxuCh0ex2jNFPuaT8YZ2EDjAcMAf');
INSERT INTO car_part VALUES(8,'VLDCKi7cBkKluiOXR3Zbr15vTa6KlRZTNkTs9wlC','KzVcZYSyGQ1nLIx3Wmry','D1QDJLXAQQOi6MzCpR5ztOO5WTBRKUoyti6e0PePpZkjMqgzzunI3ILcTDtEBSujVuGwZKNoozo1iwmfsnXBw2kvokNTLiQ4SHIC');
INSERT INTO car_part VALUES(9,'GGbIozFdgUmSdfIs313g71e0LopduQ9I1rymRj9l','Zzh6laChv48TRng7acub','Lr9gNL9UP9mk2WKvnGikBWzubCvflY5jhkFOm22Nxs96rjm5EAH4PVShS9KMU5byBXs2hv8HGLFs1wMTINNGswRuuWz7w9JiwskA');
INSERT INTO car_part VALUES(10,'hAQhxmf62WM0DtAPyae3GJVyYhLLC7oZPfV2ziDC','r0kaD1Rm2STLZHmruPaE','wV7Rcy0lB3DHU6cjWxzilYIlbKBjYUb8ksc6S3xQpRItjVnapf4rK1OUxxm34hrDOlC8Pu3uH7DQpZODndjw1ym9KbkbHF2dJZ6U');
INSERT INTO car_part VALUES(11,'eO3WhWAf1H8FWe2C5bZZy9RToRHj7yQbVfS3FFTx','VU6he5Kw6nozL7SyITls','0MF33a9pij5SZtqTwxefGSgsNphm6vJyOhcbPnCg4Gq6HPnqwgjPzkFSTVmiIMLJtefYO4oOPTloBTUjHllkqxfkLYHAXvBC62mW');
INSERT INTO car_part VALUES(12,'TAsa620qLleqPUhjaM8iOjrEZDhIa7ACAfaKWxVh','TH13Z4JGuE47VjOwNkQo','h89SYqtv5fvqZGz86bk10oLxhdUCEyx0QarMD0uy78odljM9obCjBiZyZ3X8mQbLi9XzsqbIBDvhVzL6qHuhXZXQ4HgB04PsvWNe');
INSERT INTO car_part VALUES(13,'lqOaRowX2DYgjiYu9cKGa2UAaFlbuusKbIBpYg0Z','VU6he5Kw6nozL7SyITls','3Pw9vhIWOtaHsooRWjxTDxypMwww6lwg3wdqoCBc1Vl9hNgchD1UG1ZMVsRx86lLunbLThOcpx8Ymuc7zfGpvLmLttQBs6di2O6y');
INSERT INTO car_part VALUES(14,'MdH3kd16I4ZieiyFjXnCXGorIOTTv5y15iWClEqt','eda37dSzaCzQwZ2iX60I','8cu9pRxNf69cnkJdYGqdKcXOBEZDXUXAvkBGFkJlPiT0WMJeDKIvAd4eXWUMmu3XyQJx4v8GAhK3Lqw8gp1VBspZkZoUaCd0tdFI');
INSERT INTO car_part VALUES(15,'XDM189I6FHRShHAki0q0SbStDKAYUC9PRXmWV6GE','DsPijVtt4yFEIlCCUFG8','q01vngxdcZa6fc3qrcxDRE1cz6oYlyu49ZhOUHTNSfgwEnEjEnCJD010NmwlltMN8eECxevH82Wbu8pSvKEJ7n6CnHWcXVCh11fq');
INSERT INTO car_part VALUES(16,'a1frRGhCZyztYcCM23pRnk3gYmzkiW9wQW1OiG16','usG7Y5ivSOJxv9RjKw5j','VMxPGCkkokc1aEr6EYpnuh1Bpgkc8ZhF2dicvoW7UeMJzZjEMZLN7NMDddmT5szVfuYY3Vq9IlnTAsNPSpP2Jl4rzEpmJFZHG6Wr');
INSERT INTO car_part VALUES(17,'8grLZyNgBDOIu1OZN5N30JBV8HAKguPdoRDoxGQk','Zzh6laChv48TRng7acub','AVbPjj4kOgzV3vPAIaREtj4r3gSk60Mpsw5qBEZlXi5BC8MCHGJCjIFTP8zDNwJ8UHcwZd8rAD0llpUc8rLJ0IAYVMdV8l1I68hR');
INSERT INTO car_part VALUES(18,'M645B9K15IelJhkVpmfQiwr4JaOyzeV96HF7gWvA','VU6he5Kw6nozL7SyITls','e6QlA4V8fYaYTmlsuZnMSZLxTvutDa1t2T2G5eMX89ymXBKff7fe55gp3ZZwfABXvbSNxejsAAJ2UyV3RXuBNu1gQw1iYj6bTqEQ');
INSERT INTO car_part VALUES(19,'NJJABfVU2ky0PaSAUR4ihYy8F23H5fSNEAFzZkfC','eda37dSzaCzQwZ2iX60I','sUzQlbXGh6vfZRKfVXPsEBI1YldhC01axbvKKbZJMEkvKSIU6erWa0KZ2oFI79Kg0bVAizQvgfQsyNjK87cgmL3OQjafZUbmtTBm');
INSERT INTO car_part VALUES(20,'vk7u5ckmHeh82gG1bX0N0axLee0yqzARd2Wndfd8','F6b9OsbJBCUDs7vfwzPF','qYeUKx6WQb8941mqvtLM9zZNFjvbtTg4UlFsEpXzlgA0DwJMA4fXHHZhgPPrJRocYcsC7IKWglsVaYVMhRgXoaetDya8Eqj0f4ot');
INSERT INTO car_part VALUES(21,'part','B','spec');
INSERT INTO car_part VALUES(22,'neVHiT7EK7MX2qUwaNoXc7u6ENNtoiyLnoRqC2DP','DsPijVtt4yFEIlCCUFG8','onfqyJQt6jkyTq6N7QZIPM0S1vmYuyhayDwLzx56SLqg2Gv15yph5GMqQR28J37AH0E3akIkvUu0ZcGDwO4ouvC0Zb5mR1q8KCPA');
INSERT INTO car_part VALUES(23,'OLftwQXLUP2qJOnygbIl0q1vUMc2Qzjf2dvoGLh9','Zzh6laChv48TRng7acub','mzlf0qD8sLVJ89dZIXtwfK55L4LzuBhW2aY8KHapFspqrzzB6hd9ozFCMV461ZheYYItLjtBjwV5Pxm6XRjGqPDm7cd87MRemQWs');
INSERT INTO car_part VALUES(24,'NOS8ZfCrizMU4FXbva13bvqyVrRNRgu3MrPj4r0x','d9O4I7Z8IgU97giWf2T7','b5RtPSA6QjtxKmfNfXtwJ96NVyOn3BfLGMvFHmW8owUsmwbwDt8zApjqiLO9Fgk6sQ2ulYGE9gx9QtrBkAZuXaP5pLOEQMxMJMaL');
INSERT INTO car_part VALUES(25,'3bWSmwn4XQi2TqjxMGetxddcAbDIJSEr4Ye0RE1A','d9O4I7Z8IgU97giWf2T7','gXOzUzMuLd0uBRIRnA14pF3mahFsNELwzvq3mZOE8c7eozoOtOyJfuaeb5qxVuj1LiSdeeOdyzTB80EoZrK3sFqNAECUD7RLJGAm');
INSERT INTO car_part VALUES(26,'ZG6jMPWHyt3y7R3ohx8qgf7dKSzLKr4mFXFw79l4','Zzh6laChv48TRng7acub','RnXahLYDv4NbLRlH2OBfh5c09peXYfKdOch7NVnebuPBgjb5MSrFNvvlI0EE9a5eHuNCOlSP5iiLxsnVFGjqx2Y5ExWKPQm2Gxot');
INSERT INTO car_part VALUES(27,'lomp5CeoiWHW5oWnlQjCklY9RKRPrkkqRB5UQvao','MSYpguHE1Lz6RLt2TTk4','gqsMQliWjquWkqln56MMpvHR0T90REjmYjR2ibJBoEffxO1jxJSCjSPt5blRQ56WLvZb5eJTq0adl6qKHObfuDV9whiV5e2o96uM');
INSERT INTO car_part VALUES(28,'KCF12wikmQewqA5XbmgiWnFvQYcVK68RGW8E8NEr','F6b9OsbJBCUDs7vfwzPF','DhoKFGRlIPDg6QbQBkXEZauijoyXHzH2seWKhEBfHGdStwBjXAQK7h6hyE4J6yXJi3ElFhpCsESdkURWdFYLHtVOJ4MNsMWWvTsO');
INSERT INTO car_part VALUES(29,'j5RBoYHLVlV6Aq86KUEgaiP1jDEDS4fJZFgzcPZG','fUNiHriJxf61ZGWuvOge','t6M6gzEna5GEEWRG0Xrsbmip0bq29x2EU7D48bZYgGDuXe8lNPTU2dUExspsFQxeWXFAaylnIgHlvUDGCTtfpb0W3Y5RhpfMuycw');
INSERT INTO car_part VALUES(30,'f8pLJfShdnjWpGmxVWzdFVkvqAxAYXH1jVKBoox1','KzVcZYSyGQ1nLIx3Wmry','JH0wevIppR2anbWQgZVSZfG1HUQWgkLAZ6Okg6SlgAwW30sCxHzWNTJuX3OGthhw6PaHHddbwtu02iT2510lX9xe2fXw0ieCkQJ6');
INSERT INTO car_part VALUES(31,'vyQYVPCzKSDlEzHwrMoFafq9Q8Ct4PqelkjjKh42','Mw1eD10Fdge3mjkvP2JD','hDMKvnjS2nvaC05BpN4knHKpewIyP5RR4obkzQcr5hOBI4XjAHmURJSEYJBvCEM3PHd4gBI5KYiIlVzmyPVSCBuLo2e8BkKJJMVB');
INSERT INTO car_part VALUES(32,'7qHixBm2jlLU7xFl7BT56hEN8JPoj44sWBA17KWV','eda37dSzaCzQwZ2iX60I','fJVTbNHNwFYX47PtzJlYWDh6liDf8JeOeo0LdF39LbWnYh3c4smzmkHNPHtIQwpIDr14nLMy4dzEmzOmOPSYIva9lv5mYEJwXlJE');
INSERT INTO car_part VALUES(33,'QeSuWwDHCPw5JWftSPE2xebc5qxZR2oF2VBLvS48','6P1jjVZyCMrVFHQLaHv7','ZIa1OoVsiulf0vSpTj5KnN1d9kdkIyVsMvutFlu88VxSGNazCoZXDgYEMh9OxdR0rC2MIS9YPzGB4Zxz2JWUpqMbxTJyTj9OcvBJ');
INSERT INTO car_part VALUES(34,'uzYx3EPNYfnpjQoZ6czP0GBCYdCaR4QiBkHYrnfW','usG7Y5ivSOJxv9RjKw5j','lH2XdQud7xF2ahwz8r1FdO2Z9WOHOvlIsXuQjYML5rXoFY9PaHfsmqgrbaWyraV0mtar0xGwQyws2lS0VDebgxp6lDwjw09ASSZX');
INSERT INTO car_part VALUES(35,'V4UNU4kbnRqeVvjx0S75TpQ5VbO1K1cChoHmoicJ','Zzh6laChv48TRng7acub','DqU0vgsRVkY0RxiotuWF1zqFVfCcSEGG6wGJcqRwwbo3ZRSM50qkQhRu3v3HEER723hc2LQjDRgjbD5AZGBCQhbLM8hKZzpIy5Lm');
INSERT INTO car_part VALUES(36,'yt4pPZlZfDNbzGpHggbzYgfhOlE0PwCmcJQdLXMR','F6b9OsbJBCUDs7vfwzPF','8Q3NlaVFPYfINqgXTHZMbGNgjfEWBmAizzefnHlLLynJFDoBV3iYNZKQ0TbT1x6mesOFmoaoMpxHnzVEoED1k83pZEPvLcRq3Qx3');
INSERT INTO car_part VALUES(37,'mrDYshIoC5Yo55dCeiTxqFV2EHg72at4DIhqbTg4','prKo2uwyDuz3ZWPlmP9C','mh0V4vVO8aPCgsWMwlgtRSaZki52mTjWThi8ZiwyXMXvcr2AfFWUl80nxp7FiWmhnvOWhCiNBH20QqSVjfXRSbH8MXxa4C401QDq');
INSERT INTO car_part VALUES(38,'Xsp2Az0eQLBvVzTX0O97f3Bz6XyOiCgehTmElN9h','VIW8XVXOhZnqhpwzUhuq','O0annAhNQmZ0wOnhVz8KHgUau0Bk3QEdIVNLsHpBoqnfhLo8JYBTh46HKtjQJ4TPmwI0MI3eBGslD40BHgvHOoMm87d4Ut5mF8Rr');
INSERT INTO car_part VALUES(39,'dOwWRVsdYhpPKP2EOb8Xmu1cU0ecs9kKNbsPAWOw','F6b9OsbJBCUDs7vfwzPF','17XyTIrV6P5FO1uoXRHe2dX18OOYBsJJ1vxOffushZuOkX35vuEOPhlYN98kvvwaBFaKJbFNBKXvZmPpycrgVaiudMXUfFfb0aLz');
INSERT INTO car_part VALUES(40,'dXlXZUTjfRPJiH40KSR4qXLajC206nOIaE7E8EPQ','T5e3f3us26c78z5SMPCV','4bJA75Mpi0dg8zDzJadqNEM5kYG5IS77M7cvg5Ow1vjjE17dq3oQfrb04XsvjGQ4BhC6jx4ml9CasiOzTeSc6hWN9Z7ron60Co0D');
INSERT INTO car_part VALUES(41,'2LUa9SiB3Vtl93hOv1Q3gZckBHacppiNVkBcjxqK','dNFPO7AtI0gW5VNlfm4Y','s042mBfJaT8hrbFzuDtTB230mWwAgJp65QuwXKUgPQ7owsbjmeGCoE4NhlEc0j6XE2NuFz3qw9AabOkFjCMJPZLfPhh2VVtJTlZE');
INSERT INTO car_part VALUES(42,'7gsc7r5J87yjg0nUMthFZz2Bfv3HpFaJ9PpBbeN5','prKo2uwyDuz3ZWPlmP9C','ZIhD5Yznp84JNR87RiASWTzK9Zxpl9DL3ZnbZE5fBOTG9P26gIBoYH9wG0H2KnG66tduAuRfaZfdnl981d19yo45sDh6QARTfDWW');
INSERT INTO car_part VALUES(43,'Jl1qQvbSBRMMgOCNQKegihXIamM2dQ8nBFFq98Qn','NGKrvfPs4v0DSTNIzFUx','Ec6xncDrZNPlOZ6uCr6YH78xSZtArClJoyjMnuiPxO6XJlTwTjvAh0LtAXVbjazGTutTnArZGuYr4IUiTg1wu09HDmL68HjkwEpa');
INSERT INTO car_part VALUES(44,'rcz6IjpotHGVeTgyY6PCsmxQ3aiY1h0rf9DUtGyn','4DAGXI6DH2wlRJTbFZoC','yPhoF9ZtBt8g8K037OyN4vEEbFrHUA8My1gZrOHZzFQ1rnuGHFHQMbxhUIo3AIEtKXKY9adUTe7RUvyV2MnULKovTWQMihBLtfgj');
INSERT INTO car_part VALUES(45,'OUh7KBe5jVDi78Iv6HnPrmt4rZXDaVBl9U6XYIcx','3fWagh3WSKXy9rBX01de','BkZ87cmDpwPH3uYKSoRTa5VSgYbmj8KGoKQfCP0hHpyYugtKanUiPD42Nsr1fhcVJg5LEofx0vnS3AAmvm7Y7wtLY9IANgin6CDi');
INSERT INTO car_part VALUES(46,'DLyjJj5Nbmt0pPeFmWZXNqmVuQ2xjMhUV6k3ovPa','F6b9OsbJBCUDs7vfwzPF','GhZkyNjGcnXg5hPSTlubyiF8JhliQcyZAlT9cveODOKdOGXQ4tWqGOGJfVv9T0dScxYNFvgvB6oKI4wI6nr5FAS9meuNId6FzOMa');
INSERT INTO car_part VALUES(47,'7VSi5XY4Gbm9t5Tv5ujL285uRvAgbxY9EFK2aotZ','v0EZnvHPR4G7SuEoN0aU','idMwfLlXFImzrfC26KI6OUSsOTNXsT5UZ47Q2XyErzRisSr7ZEF5JoiPT7cgaPbTflaVl2sPpUr5tx1HeeiZdm7qUETJ58UFE86p');
INSERT INTO car_part VALUES(48,'AbMAQCc66ot8MPpc4vnFKXUFF0T3aCXQfH0L8eFl','8GSde0tNPCOzMBJLMOJU','EHdXpsoKw2FuQ9jDGHxBT2wtn0nsv44MHq3AoikYCYXvHsIWzrjnkkjdmMIfKhHUW3zBWkaIiMAV3PJIJNKkK7ke2XNosokgweW8');
INSERT INTO car_part VALUES(49,'LgVNZFhod0yCGZWalsqOgxLjc4sfBFn2scaCoMO7','a9txWpRq7BIjjIUrRsMB','tfdxdhBi0AuVDOXBse7ui1LKyLtR92nhe1L89xFzXViyE1WWyxvEvotQA62VqszVcAG6WY3s4ZIUCIKOZbgqtO0Dal6hGTGtFaVU');
INSERT INTO car_part VALUES(50,'wfNf7ODGQIe8jsq0H2UP0ZJEqXA3uqyKPZjT0dkn','FbN7HVWbE7sTJJMlbILh','p4TcRCpnrF4TcjWO6XfT4eoLhEBJcd25yLwNRGQp6XhL1ap7zKERJ6oz7v6aGD3geL2BTLkkfC9yqbup1oIPB8YjADBtxzn9QYWk');
INSERT INTO car_part VALUES(51,'nZBnaENwldU6roFnLCaCaBfDSOQvSi5imdsRaudd','L3JEfttEveHj9hlGhl2C','HCrkuM9GH8dlXGALRoSLep1hZR6XyyrpvaKQUeUtPaTHpo0Yht42U3ZlZPIJkQxTOQogvc52s8LC461AiE2jBsQ7Gi47FL2OSRDQ');
INSERT INTO car_part VALUES(52,'jY7lZXkXGbGasnro1G84JN3GpU5dQzUMmVwlaNdO','9TFRkbU4FMELXdTcnndw','9RnIs690EpVcsWILLOjn9k6Oc3MwWd6XLkB9tMwtHPEZQnnCV9Q42yZYfPBHDKK8jorkw8tWRH6mk91G2C8mtbFZ26Tci8y1ZmbG');
INSERT INTO car_part VALUES(53,'XG3KPpA05EKUGRnuxOgRJXtPEIpT8KzLh0UvMTA3','hYzaWWl57VcQx0vHRFJE','dog0yc5NMWYHG3xxZVGLAZjkOJxzgGtkJv8bwRFA1k4hlviHlPKqmtYkXOgQ9KqhGbeaD1F4Nx6jfvDlVx2IEtGiQjKejBVaW9mY');
INSERT INTO car_part VALUES(54,'DbVLca4BETlsLIFq67xmRWFW3Q3BQPGg6Tnasrjx','8GSde0tNPCOzMBJLMOJU','eNlPhQQekxldXz15oKwyM7ntlWSzASNXQzjHX7CfvM99eMPHrPILVK7MT4RmGdB9AhCQpZYQ89m4b7Tnnz2zV8IFA721Zg72MTa4');
INSERT INTO car_part VALUES(55,'Dc8YOCHN1VDBloPZSduoOheihLNkRwM1obDyivYb','VU6he5Kw6nozL7SyITls','DMWXz6de4ffOcgYjFpuexSEGtqqddQoTyn5u2h7W1CnK9s7UF6Tymo8tBwnnLSFMvclGZSuXND1yHUqZ55ayftynDhksAY2pl0Yq');
INSERT INTO car_part VALUES(56,'BwFGAeuhi1v3KgHr5z3v2WrAV9mBWNyKgFIfSBpp','B','dwccsF2iLClrJJITZf9Ay2WHXe82F1UjBUm3SNbEQGFowIjO92N48pPFF7ALNLsCI4o7cB15iPuRa7qaU8kXyIpRVmVspRu0uqji');
INSERT INTO car_part VALUES(57,'0NOLcy2DcpqfXeKu8L66cOSmK3gJT3Hl6wsv1gav','Zzh6laChv48TRng7acub','Fiyvfrtyle82pg9qceVGcpxVgrdi1bM7nua6QR0ZnPpHtkvB3KA4EhJXhxSUjrl6yp7rRZq86g3snE33iBlqbVx4hJldTZme3qxm');
INSERT INTO car_part VALUES(58,'YU8eDPTnFiMVE08VzCaYtiR9HTEE1iQ4Xir7tTms','VU6he5Kw6nozL7SyITls','FCW0Xjt68mBM7BjJ1DVjiwNfV8MshpJ1oDpEcJhNNBkDfbVVazGzv11eEUuFkw126OANzUNAz93qjERj2jcY63gavdQtKVoncNL7');
INSERT INTO car_part VALUES(59,'6gxuO6s4h8NedC6s6aQWl1hJmOwLjML3y6xeitcF','LH8mhpQl69ZuLLqiRAs4','qo0DZlY8nOVy0PFYbxLmR2cno9VBGilkLQqMMv94CrJMfqWReXnchgctgwkDl0HAPoqUkLoIqBTaYMSzu3T2iFeigLl4XDfMWkl6');
INSERT INTO car_part VALUES(60,'jZIK6RESqatkQMBkQaDbVsrtx9O1Rc5rTRRHQnJI','fUNiHriJxf61ZGWuvOge','o3tl7mSb5AMXc6AVNhFzUf8I3vUTAdA69PWRibDs7T1ubfKuQCFA3wVVqDceblrGSK8jzuaPkMZciUpXygczFFvvwqW2tvdJyNBK');
INSERT INTO car_part VALUES(61,'jcmCc4nOFGWfXH1Uyhf57DYFjXElZTQBxVZ4m4Zh','LnkfPPC8gfPqRIFS0Mjw','lrTivLFVx7LgCrf30xS0F7cTZo8DGtiUKgpPTOQWcf4wqLO9mj0FvRw4tw0Er16UN1aXtUoftg1usOQRJsDXOw1A5dv3VMrhP0SP');
CREATE TABLE workshop_car_part (
  amount integer,
  part_ID integer not null,
  WID integer not null,

  foreign key (part_ID) references car_part (part_ID),
  foreign key (WID) references workshop (WID)
);
INSERT INTO workshop_car_part VALUES(4678,1,1);
INSERT INTO workshop_car_part VALUES(6709,1,2);
INSERT INTO workshop_car_part VALUES(2397,1,2);
INSERT INTO workshop_car_part VALUES(900,2,1);
INSERT INTO workshop_car_part VALUES(5178,5,5);
INSERT INTO workshop_car_part VALUES(8225,3,1);
INSERT INTO workshop_car_part VALUES(7156,7,4);
INSERT INTO workshop_car_part VALUES(3661,2,7);
INSERT INTO workshop_car_part VALUES(8942,1,7);
INSERT INTO workshop_car_part VALUES(8592,8,7);
INSERT INTO workshop_car_part VALUES(9833,6,10);
INSERT INTO workshop_car_part VALUES(7781,9,10);
INSERT INTO workshop_car_part VALUES(2478,2,8);
INSERT INTO workshop_car_part VALUES(8606,3,11);
INSERT INTO workshop_car_part VALUES(1953,6,5);
INSERT INTO workshop_car_part VALUES(3616,10,1);
INSERT INTO workshop_car_part VALUES(1494,2,7);
INSERT INTO workshop_car_part VALUES(8796,10,15);
INSERT INTO workshop_car_part VALUES(7173,6,14);
INSERT INTO workshop_car_part VALUES(8340,11,1);
INSERT INTO workshop_car_part VALUES(100,1,2);
INSERT INTO workshop_car_part VALUES(1848,12,9);
INSERT INTO workshop_car_part VALUES(7772,5,8);
INSERT INTO workshop_car_part VALUES(1791,3,13);
INSERT INTO workshop_car_part VALUES(7356,16,23);
INSERT INTO workshop_car_part VALUES(9513,9,8);
INSERT INTO workshop_car_part VALUES(1611,19,26);
INSERT INTO workshop_car_part VALUES(5118,22,20);
INSERT INTO workshop_car_part VALUES(9828,1,9);
INSERT INTO workshop_car_part VALUES(5352,26,10);
INSERT INTO workshop_car_part VALUES(408,22,24);
INSERT INTO workshop_car_part VALUES(5474,9,6);
INSERT INTO workshop_car_part VALUES(7648,1,27);
INSERT INTO workshop_car_part VALUES(6977,18,7);
INSERT INTO workshop_car_part VALUES(3419,22,12);
INSERT INTO workshop_car_part VALUES(6616,1,20);
INSERT INTO workshop_car_part VALUES(1097,2,12);
INSERT INTO workshop_car_part VALUES(1964,12,5);
INSERT INTO workshop_car_part VALUES(4658,7,28);
INSERT INTO workshop_car_part VALUES(6342,2,10);
INSERT INTO workshop_car_part VALUES(6718,28,12);
INSERT INTO workshop_car_part VALUES(827,28,15);
INSERT INTO workshop_car_part VALUES(3272,17,11);
INSERT INTO workshop_car_part VALUES(866,11,4);
INSERT INTO workshop_car_part VALUES(4648,20,7);
INSERT INTO workshop_car_part VALUES(7662,11,34);
INSERT INTO workshop_car_part VALUES(2290,24,25);
INSERT INTO workshop_car_part VALUES(7927,40,33);
INSERT INTO workshop_car_part VALUES(5820,23,13);
INSERT INTO workshop_car_part VALUES(72,4,41);
INSERT INTO workshop_car_part VALUES(7346,24,38);
INSERT INTO workshop_car_part VALUES(7610,49,42);
INSERT INTO workshop_car_part VALUES(8758,51,26);
INSERT INTO workshop_car_part VALUES(536,15,16);
INSERT INTO workshop_car_part VALUES(3094,41,42);
INSERT INTO workshop_car_part VALUES(531,52,48);
INSERT INTO workshop_car_part VALUES(7553,7,23);
INSERT INTO workshop_car_part VALUES(9718,52,13);
INSERT INTO workshop_car_part VALUES(7172,28,9);
INSERT INTO workshop_car_part VALUES(9414,32,29);
INSERT INTO workshop_car_part VALUES(594,20,58);
CREATE TABLE provider (
  PID integer primary key autoincrement,
  phone_number varchar (20),
  GPS varchar (100) not null,

  foreign key (gps) references location (GPS)
);
INSERT INTO provider VALUES(1,'jkvo8zbXHDzL9HWNq45y','47.31517540681511, 80.20666006486385');
INSERT INTO provider VALUES(2,'ze38ydr60IM3GPbXl5qB','42.01757980096417, 128.91906335853898');
INSERT INTO provider VALUES(3,'EBoYn8Npph6Yjb9Em7Mj','50.59242792820055, 39.51874569926419');
INSERT INTO provider VALUES(4,'gEbcMAR1JDuX8v9Ifzi8','50.59242792820055, 39.51874569926419');
INSERT INTO provider VALUES(5,'4BnfRHE0MU3eIkP0FJNM','42.01757980096417, 128.91906335853898');
INSERT INTO provider VALUES(6,'z0plXvExVvIQ0Tfa652Z','47.670250343770036, 82.70502250511663');
INSERT INTO provider VALUES(7,'5xczIXYGboLrMqeaEI3d','42.01757980096417, 128.91906335853898');
INSERT INTO provider VALUES(8,'Zld5GwQZfoMGtgdDCmvA','42.01757980096417, 128.91906335853898');
INSERT INTO provider VALUES(9,'8Zx09v8PNuezp8o3TaSJ','50.59242792820055, 39.51874569926419');
INSERT INTO provider VALUES(10,'MTtupJVXNC848lldHiCc','47.670250343770036, 82.70502250511663');
INSERT INTO provider VALUES(11,'9m5FdToHHZtn6DsM1wJO','43.45809005684736, 67.68939008047792');
INSERT INTO provider VALUES(12,'NcU7FjI6q6yTrZR6W8HH','41.214965901258296, 63.573414555732874');
INSERT INTO provider VALUES(13,'m5lwjky7TTCzX4go0i9A','41.29503342220942, 112.49330422636828');
INSERT INTO provider VALUES(14,'bcgHExlWQl2pbzG72xyi','43.45809005684736, 67.68939008047792');
INSERT INTO provider VALUES(15,'B5JnfvCMJjs9Yog3oqoG','47.31517540681511, 80.20666006486385');
INSERT INTO provider VALUES(16,'JZNIpswEBdSBqrki4kLn','57.45113712041325, 57.66061486046877');
INSERT INTO provider VALUES(17,'y2wZ2YQQn82PRiZB7NOz','41.214965901258296, 63.573414555732874');
INSERT INTO provider VALUES(18,'vWHubmIjca1YgsnZ9BrC','40.75776406067014, 73.2687911599754');
INSERT INTO provider VALUES(19,'lodji34zk3H54Gs8I6lv','44.058891276477546, 58.42304928275256');
INSERT INTO provider VALUES(20,'jC1QWNKwJK7nK9XnU5jo','47.45763813769374, 49.271125519535275');
INSERT INTO provider VALUES(21,'phone_numb','50, 50');
INSERT INTO provider VALUES(22,'hl4vxFiAxfLz39X68wmB','50.59242792820055, 39.51874569926419');
INSERT INTO provider VALUES(23,'b6ApiqKkSkW3yNTe9193','50.797602143242514, 100.95957921221905');
INSERT INTO provider VALUES(24,'DEz7PiPEdQgSWp96dDd0','43.45809005684736, 67.68939008047792');
INSERT INTO provider VALUES(25,'frwoOzyfbORUZ0IkwzFa','57.45113712041325, 57.66061486046877');
INSERT INTO provider VALUES(26,'Cp3IcQhEob8OmmujvfN1','44.058891276477546, 58.42304928275256');
INSERT INTO provider VALUES(27,'iPNCPt1UjGinf5W6SkqJ','41.29503342220942, 112.49330422636828');
INSERT INTO provider VALUES(28,'il1s7pA8aggzaB4foKYz','44.97091397278144, 102.09981370904299');
INSERT INTO provider VALUES(29,'lb5QcTjp48205MbZSkoa','50, 50');
INSERT INTO provider VALUES(30,'sN9LlMqUD79uvATHHoS3','58.30844813311141, 100.61536531459708');
INSERT INTO provider VALUES(31,'5YzKgJVCJXNVmLwG8EaZ','42.01757980096417, 128.91906335853898');
INSERT INTO provider VALUES(32,'y5R8Dbe9mdavJJjYMzpD','45.13262331751034, 121.82168193281288');
INSERT INTO provider VALUES(33,'Hv0h4urKY3AxW8KuFpj7','52.01503784970335, 94.1067444971004');
INSERT INTO provider VALUES(34,'gedYBhSXxo6Vt1ooZyip','47.45763813769374, 49.271125519535275');
INSERT INTO provider VALUES(35,'UzkYoaBeGwrFf7ws2qCu','50.797602143242514, 100.95957921221905');
INSERT INTO provider VALUES(36,'IPsmvtXAZFyIfglU8DSZ','43.45809005684736, 67.68939008047792');
INSERT INTO provider VALUES(37,'F24tToBYbtSYlZKrEYiM','50, 50');
INSERT INTO provider VALUES(38,'LooaXi3CbvOBJm2KsA31','53.308369169000805, 93.67677155812339');
INSERT INTO provider VALUES(39,'yK1QBPcKRsULek3rcmim','42.01757980096417, 128.91906335853898');
INSERT INTO provider VALUES(40,'OB0i8QAOsj9pwmumJwXt','44.46556367657242, 91.21490430197196');
INSERT INTO provider VALUES(41,'xtvXr0Xc56keBdsXlOxl','50.59242792820055, 39.51874569926419');
INSERT INTO provider VALUES(42,'KbDiL6votO87B1nLlPj6','50.63192170994848, 40.20748323427342');
INSERT INTO provider VALUES(43,'uksSVucp2xryWxNbURlB','47.670250343770036, 82.70502250511663');
INSERT INTO provider VALUES(44,'esD0lqqtL1vxmh1EMEG3','45.69939390379326, 80.25523969009325');
INSERT INTO provider VALUES(45,'pp2ZTKPdI70k4pONsgb2','47.670250343770036, 82.70502250511663');
INSERT INTO provider VALUES(46,'6rwpaTiKmIpsZFoupNh0','43.724634001557014, 66.80418216696562');
INSERT INTO provider VALUES(47,'QvgO2uObb89FS4KFFgnr','48.35323071366375, 43.6589473657918');
INSERT INTO provider VALUES(48,'YJ0m4LdXrLzqDH4vhziF','54.22352738604236, 98.11446770592435');
INSERT INTO provider VALUES(49,'Gow0roNlq1KBOd7YBjzt','41.465834604090546, 62.94354009373093');
INSERT INTO provider VALUES(50,'oFBhzEInT1RcwAH0warh','47.01281082747335, 106.45388868808256');
INSERT INTO provider VALUES(51,'bd8zFx4Dseh7XGrHjtsJ','54.22352738604236, 98.11446770592435');
INSERT INTO provider VALUES(52,'UCrvdWSHg0uuTkiJ2owt','50, 50');
INSERT INTO provider VALUES(53,'eNQsuXdY6kMt0uBA8MjX','57.566906915563884, 74.15548698448758');
INSERT INTO provider VALUES(54,'hQlhdTUCrIpds76XMs95','58.06568920876068, 122.1391367960536');
INSERT INTO provider VALUES(55,'H31Wx3ifoyk9QyYR9SQH','54.22352738604236, 98.11446770592435');
INSERT INTO provider VALUES(56,'GnSgQVlCq20wAEcsZxxl','40.802787742613454, 46.50543899901624');
INSERT INTO provider VALUES(57,'XKHblG97zVdV1LfkaHp0','47.01281082747335, 106.45388868808256');
INSERT INTO provider VALUES(58,'gg5aJdN8w1IYUrQ2qvoY','45.69939390379326, 80.25523969009325');
INSERT INTO provider VALUES(59,'IJ2dt4kSNYgs1W8gXyCk','44.46556367657242, 91.21490430197196');
INSERT INTO provider VALUES(60,'Y6fiaIVLFvDdp3GbLOmX','51.12922204856723, 54.0720916262839');
INSERT INTO provider VALUES(61,'lZcWhnlxpU923zRKHpTf','51.12922204856723, 54.0720916262839');
CREATE TABLE provide_car_parts (
  amount integer,
  part_ID integer not null,
  PID integer not null,
  WID integer not null,
  provided_date date,

  foreign key (part_ID) references car_part (part_ID),
  foreign key (PID) references provider (PID),
  foreign key (WID) references workshop (WID)
);
INSERT INTO provide_car_parts VALUES(9040,1,1,1,'2017-12-18');
INSERT INTO provide_car_parts VALUES(7493,1,2,1,'2017-11-24');
INSERT INTO provide_car_parts VALUES(2224,3,1,1,'2017-01-16');
INSERT INTO provide_car_parts VALUES(8552,2,3,2,'2017-01-16');
INSERT INTO provide_car_parts VALUES(3115,3,1,5,'2017-02-07');
INSERT INTO provide_car_parts VALUES(2136,3,3,5,'2017-02-24');
INSERT INTO provide_car_parts VALUES(1843,1,4,5,'2017-02-26');
INSERT INTO provide_car_parts VALUES(7867,4,7,8,'2017-01-17');
INSERT INTO provide_car_parts VALUES(4499,1,6,7,'2017-02-15');
INSERT INTO provide_car_parts VALUES(5625,2,10,5,'2017-02-16');
INSERT INTO provide_car_parts VALUES(6940,5,10,8,'2017-02-13');
INSERT INTO provide_car_parts VALUES(2505,3,5,3,'2017-12-15');
INSERT INTO provide_car_parts VALUES(8774,4,8,1,'2017-02-26');
INSERT INTO provide_car_parts VALUES(2007,1,11,3,'2017-02-01');
INSERT INTO provide_car_parts VALUES(6041,1,7,10,'2017-02-01');
INSERT INTO provide_car_parts VALUES(1961,1,1,16,'2017-11-01');
INSERT INTO provide_car_parts VALUES(9736,3,8,15,'2017-02-21');
INSERT INTO provide_car_parts VALUES(1808,5,6,12,'2017-12-22');
INSERT INTO provide_car_parts VALUES(1760,13,16,5,'2017-02-27');
INSERT INTO provide_car_parts VALUES(3147,19,17,19,'2017-11-22');
INSERT INTO provide_car_parts VALUES(120,1,1,1,'2018-11-19');
INSERT INTO provide_car_parts VALUES(3338,1,22,19,'2017-12-11');
INSERT INTO provide_car_parts VALUES(6185,23,6,16,'2017-01-17');
INSERT INTO provide_car_parts VALUES(3619,21,7,24,'2017-11-12');
INSERT INTO provide_car_parts VALUES(7578,22,7,3,'2017-11-27');
INSERT INTO provide_car_parts VALUES(8068,7,4,1,'2017-12-29');
INSERT INTO provide_car_parts VALUES(9015,17,25,11,'2017-01-19');
INSERT INTO provide_car_parts VALUES(7916,3,11,13,'2017-02-25');
INSERT INTO provide_car_parts VALUES(3270,16,2,6,'2017-11-20');
INSERT INTO provide_car_parts VALUES(5797,19,22,24,'2017-01-01');
INSERT INTO provide_car_parts VALUES(212,11,5,11,'2017-01-03');
INSERT INTO provide_car_parts VALUES(3257,11,5,14,'2017-12-07');
INSERT INTO provide_car_parts VALUES(6896,33,13,29,'2017-01-15');
INSERT INTO provide_car_parts VALUES(6892,29,33,28,'2017-12-20');
INSERT INTO provide_car_parts VALUES(1295,34,7,28,'2017-12-04');
INSERT INTO provide_car_parts VALUES(5917,17,19,8,'2017-01-26');
INSERT INTO provide_car_parts VALUES(1317,25,13,24,'2017-01-01');
INSERT INTO provide_car_parts VALUES(5247,6,13,18,'2017-12-14');
INSERT INTO provide_car_parts VALUES(2826,39,20,21,'2017-02-06');
INSERT INTO provide_car_parts VALUES(2160,39,20,1,'2017-02-05');
INSERT INTO provide_car_parts VALUES(7615,23,26,24,'2017-01-27');
INSERT INTO provide_car_parts VALUES(2936,41,20,20,'2017-12-01');
INSERT INTO provide_car_parts VALUES(9926,28,27,22,'2017-01-15');
INSERT INTO provide_car_parts VALUES(6194,22,11,26,'2017-11-04');
INSERT INTO provide_car_parts VALUES(3680,19,16,6,'2017-01-17');
INSERT INTO provide_car_parts VALUES(150,20,38,32,'2017-01-01');
INSERT INTO provide_car_parts VALUES(834,20,33,9,'2017-02-13');
INSERT INTO provide_car_parts VALUES(6021,36,28,37,'2017-02-26');
INSERT INTO provide_car_parts VALUES(263,35,36,36,'2017-02-28');
INSERT INTO provide_car_parts VALUES(4801,34,44,18,'2017-11-12');
INSERT INTO provide_car_parts VALUES(6858,19,27,34,'2017-02-26');
INSERT INTO provide_car_parts VALUES(3396,18,38,4,'2017-01-11');
INSERT INTO provide_car_parts VALUES(7547,8,28,8,'2017-11-22');
INSERT INTO provide_car_parts VALUES(7897,10,20,34,'2017-12-27');
INSERT INTO provide_car_parts VALUES(7805,18,20,6,'2017-01-27');
INSERT INTO provide_car_parts VALUES(8926,41,37,44,'2017-11-26');
INSERT INTO provide_car_parts VALUES(7809,15,11,40,'2017-01-14');
INSERT INTO provide_car_parts VALUES(7905,12,15,33,'2017-11-19');
INSERT INTO provide_car_parts VALUES(3478,57,11,57,'2017-02-28');
INSERT INTO provide_car_parts VALUES(1927,30,52,32,'2017-11-19');
INSERT INTO provide_car_parts VALUES(1078,14,5,58,'2017-01-28');
CREATE TABLE car_type (
  car_type varchar (50),

  primary key (car_type)
);
INSERT INTO car_type VALUES('KzVcZYSyGQ1nLIx3Wmry');
INSERT INTO car_type VALUES('hYzaWWl57VcQx0vHRFJE');
INSERT INTO car_type VALUES('4YEscqlj0m8vU840e4BA');
INSERT INTO car_type VALUES('T5e3f3us26c78z5SMPCV');
INSERT INTO car_type VALUES('Zzh6laChv48TRng7acub');
INSERT INTO car_type VALUES('DsPijVtt4yFEIlCCUFG8');
INSERT INTO car_type VALUES('fUNiHriJxf61ZGWuvOge');
INSERT INTO car_type VALUES('TH13Z4JGuE47VjOwNkQo');
INSERT INTO car_type VALUES('VU6he5Kw6nozL7SyITls');
INSERT INTO car_type VALUES('r0kaD1Rm2STLZHmruPaE');
INSERT INTO car_type VALUES('shvjLAA5ejiCA3bGgxts');
INSERT INTO car_type VALUES('W7mE5qiTKpPHVMw05puv');
INSERT INTO car_type VALUES('eda37dSzaCzQwZ2iX60I');
INSERT INTO car_type VALUES('MSYpguHE1Lz6RLt2TTk4');
INSERT INTO car_type VALUES('usG7Y5ivSOJxv9RjKw5j');
INSERT INTO car_type VALUES('6P1jjVZyCMrVFHQLaHv7');
INSERT INTO car_type VALUES('v0EZnvHPR4G7SuEoN0aU');
INSERT INTO car_type VALUES('F6b9OsbJBCUDs7vfwzPF');
INSERT INTO car_type VALUES('9TFRkbU4FMELXdTcnndw');
INSERT INTO car_type VALUES('VIW8XVXOhZnqhpwzUhuq');
INSERT INTO car_type VALUES('B');
INSERT INTO car_type VALUES('Mw1eD10Fdge3mjkvP2JD');
INSERT INTO car_type VALUES('8GSde0tNPCOzMBJLMOJU');
INSERT INTO car_type VALUES('d9O4I7Z8IgU97giWf2T7');
INSERT INTO car_type VALUES('YsVffqMR94rziQ5tiDPh');
INSERT INTO car_type VALUES('37ACyDp2hRSEhL7N9BDE');
INSERT INTO car_type VALUES('Nbb1xpBkPkVQGDqtmr2S');
INSERT INTO car_type VALUES('Hs82pZ4ADtdR5Bu1uLPS');
INSERT INTO car_type VALUES('ivtkw7bUBWzEob0frWMg');
INSERT INTO car_type VALUES('prKo2uwyDuz3ZWPlmP9C');
INSERT INTO car_type VALUES('jizUfkckfBp8uDpZYNLd');
INSERT INTO car_type VALUES('neb2McxeHymSKYPNh7og');
INSERT INTO car_type VALUES('1PrclEeELwRptz2G4edO');
INSERT INTO car_type VALUES('a9txWpRq7BIjjIUrRsMB');
INSERT INTO car_type VALUES('2vbXkfPBfxpqfmXrCVKJ');
INSERT INTO car_type VALUES('zJzZKRevCnfgHgGJLFSv');
INSERT INTO car_type VALUES('dNFPO7AtI0gW5VNlfm4Y');
INSERT INTO car_type VALUES('lbvTZBm2wPktvTt7MD3h');
INSERT INTO car_type VALUES('NGKrvfPs4v0DSTNIzFUx');
INSERT INTO car_type VALUES('3fWagh3WSKXy9rBX01de');
INSERT INTO car_type VALUES('mLIjh9JoxCbtGmX7kyjv');
INSERT INTO car_type VALUES('0kiZxJ654Yx4fgAgVCrN');
INSERT INTO car_type VALUES('4DAGXI6DH2wlRJTbFZoC');
INSERT INTO car_type VALUES('FbN7HVWbE7sTJJMlbILh');
INSERT INTO car_type VALUES('GIwYgIDRgJXJUG8XGgQP');
INSERT INTO car_type VALUES('L3JEfttEveHj9hlGhl2C');
INSERT INTO car_type VALUES('GfDnYhavoui4AdUs9FA4');
INSERT INTO car_type VALUES('1yb7BB7PaOFgk8mxWsgD');
INSERT INTO car_type VALUES('GeLqqPptgGN8RXdQdcgD');
INSERT INTO car_type VALUES('DVPWz6BYzGny57bk0s4z');
INSERT INTO car_type VALUES('KNfBJRQNNf9kcqX3Ax4V');
INSERT INTO car_type VALUES('NychOy8g9bvLMPCuPJoR');
INSERT INTO car_type VALUES('oMT3B6jTi9QfxwN1Yfty');
INSERT INTO car_type VALUES('LH8mhpQl69ZuLLqiRAs4');
INSERT INTO car_type VALUES('YqvXKaMPHCdK2DWvqy4U');
INSERT INTO car_type VALUES('lEem6Ox8EOgzBGQ9rXAF');
INSERT INTO car_type VALUES('y88hcmnfK2SwZkLmr6TN');
INSERT INTO car_type VALUES('vUsQ0Lu96oHVjGMMo9Ip');
INSERT INTO car_type VALUES('nZ42npyPWJQqEWPCBN7g');
INSERT INTO car_type VALUES('8HdGCP26PYbutamSmMZB');
INSERT INTO car_type VALUES('LnkfPPC8gfPqRIFS0Mjw');
CREATE TABLE car (
  plate varchar(15) not null,
  car_type varchar(50) not null,
  broken boolean,
  charge_amount integer,
  GPS varchar (100),
  color varchar(40),
  purchase_date date,

  primary key (plate),
  foreign key (car_type) references car_type(car_type)
);
INSERT INTO car VALUES('oIFluUmQfR','KzVcZYSyGQ1nLIx3Wmry',0,71,'59.68597928810396, 98.55589020369031','Qacv30wMT7','2017-01-01');
INSERT INTO car VALUES('mrOCHTpfv1','hYzaWWl57VcQx0vHRFJE',0,43,'47.66306542086386, 62.16958351074394','FK6e30zGus','2017-01-01');
INSERT INTO car VALUES('qW4Ehaqr1O','hYzaWWl57VcQx0vHRFJE',0,76,'47.53231994662541, 61.7005115195295','HeiXZkk6ha','2017-01-01');
INSERT INTO car VALUES('uMkh11go2Q','KzVcZYSyGQ1nLIx3Wmry',0,60,'57.790676922337276, 121.79125776609803','SJ0grjtveg','2017-01-01');
INSERT INTO car VALUES('ikgjQb5906','KzVcZYSyGQ1nLIx3Wmry',0,20,'50.55822832370444, 60.734709634143','OL5mua2QIs','2017-01-01');
INSERT INTO car VALUES('lhkagjRyya','Zzh6laChv48TRng7acub',0,29,'52.0524015864747, 116.3628803150018','v11HEeCqFd','2017-01-01');
INSERT INTO car VALUES('hP5A7YedHh','shvjLAA5ejiCA3bGgxts',0,16,'48.67112726322591, 125.04534644772119','AZb2IublUE','2017-01-01');
INSERT INTO car VALUES('fSwFQPdAL9','DsPijVtt4yFEIlCCUFG8',0,12,'58.78864595291362, 81.03159709095164','Q3fJ9sU0i8','2017-01-01');
INSERT INTO car VALUES('AN123','B',0,100,'41, 97','Red','2017-10-10');
INSERT INTO car VALUES('BjkAHNuwIc','Mw1eD10Fdge3mjkvP2JD',0,8,'50.349240935092276, 62.36063151920535','GqGYTTeaPT','2017-01-01');
INSERT INTO car VALUES('EcGroB0SfC','usG7Y5ivSOJxv9RjKw5j',0,77,'58.216335074872866, 99.94252393826075','HfbLdOZdzT','2017-01-01');
INSERT INTO car VALUES('mF5KGrSYtC','d9O4I7Z8IgU97giWf2T7',0,69,'53.543676772422295, 109.03764023831592','ruwIhCESxq','2017-01-01');
INSERT INTO car VALUES('FGqN3lpnwD','8GSde0tNPCOzMBJLMOJU',0,36,'53.223952414892025, 48.471791969167725','iJYi88aGmN','2017-01-01');
INSERT INTO car VALUES('33XoqHTkEz','8GSde0tNPCOzMBJLMOJU',0,16,'44.70341689670949, 85.47115569051181','663nSc4cmG','2017-01-01');
INSERT INTO car VALUES('V2NMFJydRj','eda37dSzaCzQwZ2iX60I',0,58,'50.05827702556768, 32.61161004192667','wI8j4i6ID8','2017-01-01');
INSERT INTO car VALUES('xAhuSKgcIc','W7mE5qiTKpPHVMw05puv',0,68,'52.7080873414825, 97.18620330689686','G41b9wm38e','2017-01-01');
INSERT INTO car VALUES('5MH238V2md','VIW8XVXOhZnqhpwzUhuq',0,21,'46.07476897667217, 60.48684495589773','bequOgpvcW','2017-01-01');
INSERT INTO car VALUES('61DnICGM15','4YEscqlj0m8vU840e4BA',0,58,'54.22282054470912, 39.87280739375226','LZGoxgTvLv','2017-01-01');
INSERT INTO car VALUES('EW6dJKbYYc','usG7Y5ivSOJxv9RjKw5j',0,4,'53.08631579709741, 120.02968379574253','9XDFBC2Jxf','2017-01-01');
INSERT INTO car VALUES('IFkqAGWHsW','VIW8XVXOhZnqhpwzUhuq',0,17,'57.34211213919875, 71.20741904858467','ojpfOzG5Tq','2017-01-01');
INSERT INTO car VALUES('bEbgQASSXz','VIW8XVXOhZnqhpwzUhuq',0,22,'43.760819864026786, 105.13949472746468','QF4z7y31YB','2017-01-01');
INSERT INTO car VALUES('P8rn3qsPGz','hYzaWWl57VcQx0vHRFJE',0,95,'53.83322633716222, 64.38713164529581','JxteBgZZRd','2017-01-01');
INSERT INTO car VALUES('R2sDiGfgXk','VIW8XVXOhZnqhpwzUhuq',0,63,'54.64560829443985, 66.30011818957743','jVjIa9fwzH','2017-01-01');
INSERT INTO car VALUES('ukv7f0SxX0','ivtkw7bUBWzEob0frWMg',0,95,'55.83944913779762, 34.762690888273845','WYwSmYPHpl','2017-01-01');
INSERT INTO car VALUES('FsY6ffYFp0','shvjLAA5ejiCA3bGgxts',0,8,'57.80438992579364, 123.30748876417258','vR0Sqo95j0','2017-01-01');
INSERT INTO car VALUES('wtWCqbeo2w','Zzh6laChv48TRng7acub',0,33,'50.225808115971375, 97.92443818734174','nYHMSVqUaX','2017-01-01');
INSERT INTO car VALUES('2eu9pefLjq','Hs82pZ4ADtdR5Bu1uLPS',0,32,'56.32187283183984, 78.47856967408595','pYqCZ4oQgw','2017-01-01');
INSERT INTO car VALUES('se1VEScNoA','KzVcZYSyGQ1nLIx3Wmry',0,93,'50.854637679256705, 38.15915348791603','cmbI4pspZt','2017-01-01');
INSERT INTO car VALUES('9rY0O3G174','v0EZnvHPR4G7SuEoN0aU',0,85,'57.117943211871186, 99.1451444365148','mAvm0Lniob','2017-01-01');
INSERT INTO car VALUES('HcomhxJ6cU','jizUfkckfBp8uDpZYNLd',0,47,'41.10388461440928, 129.54748368540834','cx0qwnqeSy','2017-01-01');
INSERT INTO car VALUES('kW3SEbHC9o','W7mE5qiTKpPHVMw05puv',0,69,'46.64230841996404, 49.76327830902663','mB479Hlg4q','2017-01-01');
INSERT INTO car VALUES('DcPSP1bLZZ','fUNiHriJxf61ZGWuvOge',0,92,'41.634883071641134, 96.22036480936163','Xsko3q9fbm','2017-01-01');
INSERT INTO car VALUES('FPTHWuMP46','fUNiHriJxf61ZGWuvOge',0,81,'56.447561473642764, 68.11916180721352','82WL6h7shz','2017-01-01');
INSERT INTO car VALUES('2atbr5t6nJ','F6b9OsbJBCUDs7vfwzPF',0,47,'49.92892774757297, 65.81143776255678','83VmLozERK','2017-01-01');
INSERT INTO car VALUES('VUL8dFsdcr','Mw1eD10Fdge3mjkvP2JD',0,81,'47.23459779213552, 124.69836791443433','Cg5uLVAUzI','2017-01-01');
INSERT INTO car VALUES('hBrxxCGc2g','B',0,9,'43.80316991575591, 33.37950698192115','nCvG8DS7wb','2017-01-01');
INSERT INTO car VALUES('mGVg3L0sUM','VU6he5Kw6nozL7SyITls',0,61,'41.15034776876751, 32.485816817622464','kPRoP6MtkP','2017-01-01');
INSERT INTO car VALUES('LBjFAnNRUe','Nbb1xpBkPkVQGDqtmr2S',0,80,'44.710546381480384, 69.30892095408007','JQKqrxV7yD','2017-01-01');
INSERT INTO car VALUES('cSLL20PWOe','DVPWz6BYzGny57bk0s4z',0,65,'53.910706130267904, 86.23276088657818','lgQEO12oYY','2017-01-01');
INSERT INTO car VALUES('P5SzcXAKe8','VIW8XVXOhZnqhpwzUhuq',0,17,'57.4904317800818, 55.44808729534698','BXlQC9Q8Md','2017-01-01');
INSERT INTO car VALUES('1Kko4eYxED','F6b9OsbJBCUDs7vfwzPF',0,61,'48.126112212416, 128.32683699777164','E4HU0edpv5','2017-01-01');
INSERT INTO car VALUES('tG048oz14P','Hs82pZ4ADtdR5Bu1uLPS',0,25,'46.84485576083559, 120.001524362971','znMD7MdmLh','2017-01-01');
INSERT INTO car VALUES('C54kbHFr9j','LH8mhpQl69ZuLLqiRAs4',0,84,'43.37122734261367, 126.47707137026636','7Snhsyh7uD','2017-01-01');
INSERT INTO car VALUES('o7JNZzqRRV','B',0,65,'48.46951412742017, 80.88559186686913','Hn6eOiNAv8','2017-01-01');
INSERT INTO car VALUES('rzuvTO0aWV','MSYpguHE1Lz6RLt2TTk4',0,46,'58.384762583081034, 48.310799543988864','nvItVl7Stv','2017-01-01');
INSERT INTO car VALUES('CyudqIksgc','d9O4I7Z8IgU97giWf2T7',0,45,'47.01858952576891, 58.053909874045075','0iuIwr8QWl','2017-01-01');
INSERT INTO car VALUES('c7jONW1pgS','ivtkw7bUBWzEob0frWMg',0,2,'58.89342922339755, 115.9075349844008','f2vOZDjKzD','2017-01-01');
INSERT INTO car VALUES('ZG75Mt3Cqt','GfDnYhavoui4AdUs9FA4',0,26,'59.82167229166481, 118.44385489158012','s7N2YneDH7','2017-01-01');
INSERT INTO car VALUES('mfXGGVoX5V','y88hcmnfK2SwZkLmr6TN',0,50,'48.65444532866333, 96.82242710664137','Qt7LiQfLlx','2017-01-01');
CREATE TABLE ride (
  plate varchar(15) not null,
  username varchar (50) not null,
  coordinate_a varchar (100),
  coordinate_b varchar (100),
  using_start datetime,
  using_end datetime,

  foreign key (plate) references car (plate),
  foreign key (username) references customer (username)
);
INSERT INTO ride VALUES('oIFluUmQfR','JW2UpA3HOVxguuNpbCthMAvGJyV2jcrtBP10TSy7p75nrtx2D7','53.41084962002944, 81.80109444454499','57.523981965273094, 80.4204747554875','2017-12-13 20:00:00','2017-12-13 20:10:34');
INSERT INTO ride VALUES('oIFluUmQfR','obPsw7Rm5YVmWOFCXQ5Ato31nwtFaUFtnaoGPtXCqZ1TGWV9nA','42.928541601658296, 118.58180467997714','55.77274045377813, 70.02310021235064','2017-02-23 22:00:00','2017-02-23 22:13:23');
INSERT INTO ride VALUES('oIFluUmQfR','JW2UpA3HOVxguuNpbCthMAvGJyV2jcrtBP10TSy7p75nrtx2D7','51.02547333770377, 104.68704086205524','47.42241943338382, 83.97859596021934','2017-01-15 13:00:00','2017-01-15 13:12:40');
INSERT INTO ride VALUES('24flKlJNyw','obPsw7Rm5YVmWOFCXQ5Ato31nwtFaUFtnaoGPtXCqZ1TGWV9nA','43.00740784762151, 106.8745312887562','57.663124501484404, 94.91519292229533','2017-11-15 13:00:00','2017-11-15 13:45:24');
INSERT INTO ride VALUES('mrOCHTpfv1','ZWYO6eijAd8BjSqTX0TKUBlEkb7FRtUW4kEzhaw1JnEL1kY6bQ','42.95787558021643, 78.07279236652792','54.29026894802167, 113.39073404621931','2017-01-02 12:00:00','2017-01-02 12:14:51');
INSERT INTO ride VALUES('oIFluUmQfR','JW2UpA3HOVxguuNpbCthMAvGJyV2jcrtBP10TSy7p75nrtx2D7','53.710158831002005, 64.72873334303202','57.122757426459756, 75.17690305200506','2017-01-09 12:00:00','2017-01-09 12:02:33');
INSERT INTO ride VALUES('oIFluUmQfR','3PWWWNvu62QRPzBTqTUv7ZRPl1cLoiRMbJQL9IQS4zzRE7x9h2','43.45009078061468, 41.70528775450484','50.79883333782627, 60.45095105733977','2017-11-10 00:00:00','2017-11-10 00:03:53');
INSERT INTO ride VALUES('qW4Ehaqr1O','SuY34fR4fIRY0e7rkgVD1TS1D07rq9894EuRp1kA7dDL6wXVdv','52.780515963318784, 89.04795173898022','49.449366524796844, 126.08240343910924','2017-12-21 00:00:00','2017-12-21 00:24:41');
INSERT INTO ride VALUES('QtMhVB4inW','obPsw7Rm5YVmWOFCXQ5Ato31nwtFaUFtnaoGPtXCqZ1TGWV9nA','59.28926318957021, 92.22672377104118','55.72452525221842, 110.78055369492398','2017-11-27 12:00:00','2017-11-27 12:15:45');
INSERT INTO ride VALUES('T20Rm1wIH4','obPsw7Rm5YVmWOFCXQ5Ato31nwtFaUFtnaoGPtXCqZ1TGWV9nA','56.055417261179265, 49.349580743102976','44.37309358520109, 117.44844506483899','2017-11-21 23:00:00','2017-11-21 23:23:52');
INSERT INTO ride VALUES('6pFMdiTJjI','ZOPJQEWnaujAzrb9APWrqN0Atff1Zh7clJD7T2wz7nShl2V026','43.803843942657146, 121.4840902776768','53.20477911736063, 71.61091471884444','2017-11-09 02:00:00','2017-11-09 02:44:31');
INSERT INTO ride VALUES('uMkh11go2Q','SuY34fR4fIRY0e7rkgVD1TS1D07rq9894EuRp1kA7dDL6wXVdv','50.18423313600867, 94.47590925151387','48.265936343229505, 104.5338285350585','2017-01-05 22:00:00','2017-01-05 22:12:30');
INSERT INTO ride VALUES('6pFMdiTJjI','ONpXgKCwtW4kaT4kXDrnaYSMUdJBIAJr1VJoz25nRXouwYIln7','52.36840917849255, 104.67043168190644','52.42558544067063, 126.45482646630515','2017-11-04 23:00:00','2017-11-04 23:15:53');
INSERT INTO ride VALUES('T20Rm1wIH4','ZOPJQEWnaujAzrb9APWrqN0Atff1Zh7clJD7T2wz7nShl2V026','43.800369669707706, 92.6970533543624','59.87998920905605, 60.76593186524617','2017-11-04 20:00:00','2017-11-04 20:24:34');
INSERT INTO ride VALUES('6pFMdiTJjI','y0bOpBhUdCznFbnzmFGEwAWAqMcR7TR8LHVwq0r6JgzXIi3nuO','41.53509518937612, 32.526901815981475','45.480086721788126, 40.09502622602348','2017-02-25 22:00:00','2017-02-25 22:12:41');
INSERT INTO ride VALUES('QtMhVB4inW','ONpXgKCwtW4kaT4kXDrnaYSMUdJBIAJr1VJoz25nRXouwYIln7','41.8572443502225, 125.20014027736772','52.065238008747485, 116.81394522943977','2017-11-08 11:00:00','2017-11-08 11:25:33');
INSERT INTO ride VALUES('1wOAQhkObb','3PWWWNvu62QRPzBTqTUv7ZRPl1cLoiRMbJQL9IQS4zzRE7x9h2','51.81597092712791, 54.68141442359877','41.61104682451622, 41.083133876395834','2017-01-01 12:00:00','2017-01-01 12:45:23');
INSERT INTO ride VALUES('1wOAQhkObb','mfCkeDv4dBVs01a1RpoDH8EDo1PXV2xZ5psyX7cQESJeWWCdzm','51.459780106858545, 59.46783864152016','43.47946705620633, 123.95321125206236','2017-11-15 00:00:00','2017-11-15 00:44:45');
INSERT INTO ride VALUES('hP5A7YedHh','y0bOpBhUdCznFbnzmFGEwAWAqMcR7TR8LHVwq0r6JgzXIi3nuO','49.713684759125144, 52.20635410676083','40.52846525745067, 62.916953303485755','2017-11-06 02:00:00','2017-11-06 02:30:10');
INSERT INTO ride VALUES('JcANT2ZYC6','cGG04l4nVwZIWw6z4w6lXCEag1IHMwLHxCyjmNxQD7pF01uPIP','56.80666100108748, 76.23906150196353','46.203871103395706, 112.38816460497956','2017-12-17 00:00:00','2017-12-17 00:54:40');
INSERT INTO ride VALUES('AN123','Day7','40, 100','60, 30','2018-11-20 07:00:00','2018-11-20 08:30:00');
INSERT INTO ride VALUES('BjkAHNuwIc','ONpXgKCwtW4kaT4kXDrnaYSMUdJBIAJr1VJoz25nRXouwYIln7','44.230748523103685, 73.40126536252218','57.290947237380344, 60.76117902743767','2017-01-01 11:00:00','2017-01-01 11:01:55');
INSERT INTO ride VALUES('BjkAHNuwIc','wz1r19jxDL1XNQtDc0TQCESuVXWSrsmTcXxVCRzfq0ZmxgJegN','52.78302083282309, 109.00189177063955','41.65194094794377, 90.32137438008247','2017-11-29 22:00:00','2017-11-29 22:25:23');
INSERT INTO ride VALUES('mrOCHTpfv1','ZOPJQEWnaujAzrb9APWrqN0Atff1Zh7clJD7T2wz7nShl2V026','45.21586805029951, 62.04732317616972','47.02319226973438, 112.98910325317634','2017-12-29 00:00:00','2017-12-29 00:32:31');
INSERT INTO ride VALUES('FGqN3lpnwD','ZOPJQEWnaujAzrb9APWrqN0Atff1Zh7clJD7T2wz7nShl2V026','46.918284885522596, 84.22664152668017','59.21357344719712, 86.60396165503674','2017-12-24 12:00:00','2017-12-24 12:55:02');
INSERT INTO ride VALUES('BjkAHNuwIc','YXJkdLdn6wf2kLjzBF0CooiCl3ZbJtLjr9DKrwxFJZqoJuxCxV','49.52045331221977, 121.62261218241527','41.000662691505894, 113.75822762276827','2017-02-20 03:00:00','2017-02-20 03:55:30');
INSERT INTO ride VALUES('mF5KGrSYtC','71koS8ZZ37lRZnFS8mIqMgyMcMHrduNZWoS86MNFATaQFoTcdl','44.19367959847168, 49.45173563907777','44.14037321949448, 72.50787659243855','2017-11-02 21:00:00','2017-11-02 21:31:35');
INSERT INTO ride VALUES('uMkh11go2Q','y0bOpBhUdCznFbnzmFGEwAWAqMcR7TR8LHVwq0r6JgzXIi3nuO','51.414720009881194, 94.66910025813945','40.473134676337686, 69.7238388813862','2017-12-02 23:00:00','2017-12-02 23:42:24');
INSERT INTO ride VALUES('BjkAHNuwIc','Rb8ZtjfBwZkjpqHIg7hC0W24Xss8jEwGPq9pRqx0rCgvcZq1DS','43.34666332420016, 128.86190965489317','40.4273017478623, 127.0153944409773','2017-02-21 00:00:00','2017-02-21 00:23:31');
INSERT INTO ride VALUES('AN123','dpuP5VCF74VCpriCNtUBYhO24F3hCd8SOVUYIPxPLFJIL6kiSL','47.231287228960056, 80.9930827052762','43.34844478786713, 91.23486033871524','2017-02-18 13:00:00','2017-02-18 13:51:15');
INSERT INTO ride VALUES('oIFluUmQfR','xaM2X865JSDMfgJoFSEDHM0xaFWbwccFX6qqdo3ktqJW4PJE5K','57.79228754641302, 109.62938379074451','56.00403584701072, 100.40865225129224','2017-01-28 20:00:00','2017-01-28 20:01:34');
INSERT INTO ride VALUES('fSwFQPdAL9','Day7','40.90750105169087, 113.8811539659782','58.67938935711028, 81.84898845586932','2017-01-18 10:00:00','2017-01-18 10:54:40');
INSERT INTO ride VALUES('BjkAHNuwIc','wz1r19jxDL1XNQtDc0TQCESuVXWSrsmTcXxVCRzfq0ZmxgJegN','53.96803302757511, 42.890223665720434','53.21288992144625, 32.87206429452704','2017-11-20 01:00:00','2017-11-20 01:51:54');
INSERT INTO ride VALUES('hP5A7YedHh','ZOPJQEWnaujAzrb9APWrqN0Atff1Zh7clJD7T2wz7nShl2V026','50.48153976648228, 40.733402061251766','57.50139461959937, 125.81105034932487','2017-01-13 20:00:00','2017-01-13 20:03:04');
INSERT INTO ride VALUES('EcGroB0SfC','JW2UpA3HOVxguuNpbCthMAvGJyV2jcrtBP10TSy7p75nrtx2D7','55.924682384869826, 54.33776844705683','58.808364103626815, 97.02650985522563','2017-11-18 21:00:00','2017-11-18 21:00:25');
INSERT INTO ride VALUES('mrOCHTpfv1','xaM2X865JSDMfgJoFSEDHM0xaFWbwccFX6qqdo3ktqJW4PJE5K','58.379790346009635, 82.9428814916626','41.7278959784127, 49.48473006551915','2017-01-18 10:00:00','2017-01-18 10:21:15');
INSERT INTO ride VALUES('mF5KGrSYtC','71koS8ZZ37lRZnFS8mIqMgyMcMHrduNZWoS86MNFATaQFoTcdl','50.888426151835645, 57.07457926022744','44.39445798466553, 65.46516078761877','2017-12-16 01:00:00','2017-12-16 01:44:55');
INSERT INTO ride VALUES('V2NMFJydRj','SuY34fR4fIRY0e7rkgVD1TS1D07rq9894EuRp1kA7dDL6wXVdv','54.30463512533915, 37.08294310175318','40.50623612054084, 61.62788684462167','2017-01-16 11:00:00','2017-01-16 11:35:34');
INSERT INTO ride VALUES('ikgjQb5906','CiRegGNHsqbWUFYp2qveFiOJJwyVPqC5CqNzm4jzIlF3P1Hq48','47.074245707154915, 107.89601295727158','46.00824407082734, 67.30938545357843','2017-11-20 20:00:00','2017-11-20 20:50:13');
INSERT INTO ride VALUES('2eu9pefLjq','YXJkdLdn6wf2kLjzBF0CooiCl3ZbJtLjr9DKrwxFJZqoJuxCxV','51.802524546526286, 77.42334989281889','41.80773648448389, 47.30561926452473','2017-11-05 11:00:00','2017-11-05 11:43:13');
INSERT INTO ride VALUES('xAhuSKgcIc','zDFdwetg7eD9vSGfcos8Hbm4s8MhFmGIDQSEuw7UP2Hd8I2ai7','56.74308416865699, 46.022253348317975','51.730657231334334, 99.23359753468607','2017-02-25 23:00:00','2017-02-25 23:52:33');
INSERT INTO ride VALUES('oIFluUmQfR','ZOPJQEWnaujAzrb9APWrqN0Atff1Zh7clJD7T2wz7nShl2V026','51.38033941403532, 97.58206040186175','51.8666325021944, 117.9651774020063','2017-11-22 12:00:00','2017-11-22 12:11:21');
INSERT INTO ride VALUES('R2sDiGfgXk','V2agZz41MdUq9tZbpdvkkzFav5oXL6Jeaw7LtcMOfjYfbmunmW','54.076469528762416, 30.730684812224712','56.80173987344803, 53.733171589589254','2017-11-16 03:00:00','2017-11-16 03:11:51');
INSERT INTO ride VALUES('EW6dJKbYYc','94YXI03DWMcdcvmKZ6XjUTn8sdu9C4d9GqQudzlAuFsRyppCch','53.39365803995456, 95.30575583889096','53.54907739395213, 99.95381680824661','2017-01-18 12:00:00','2017-01-18 12:05:13');
INSERT INTO ride VALUES('ukv7f0SxX0','8JY6Jj6dYSyoCkURdQcXDfaB7Cs45DMNBM4wNV8sKy81P3vm3c','55.65218568413039, 35.69946719999476','50.70460667284766, 122.5976701549043','2017-12-27 12:00:00','2017-12-27 12:21:45');
INSERT INTO ride VALUES('IFkqAGWHsW','7KtJDpv5Fv3ZlLGOgoKMkE0buWkGeGtfmpmlIGbT7eeNRKp8YZ','41.84177087765622, 98.11722212091821','42.13657163158965, 34.11816536846774','2017-11-17 11:00:00','2017-11-17 11:03:25');
INSERT INTO ride VALUES('AN123','SuY34fR4fIRY0e7rkgVD1TS1D07rq9894EuRp1kA7dDL6wXVdv','48.95845643757339, 73.12121887138704','43.7709662277548, 53.813318066018255','2017-11-22 13:00:00','2017-11-22 13:32:24');
INSERT INTO ride VALUES('2atbr5t6nJ','71koS8ZZ37lRZnFS8mIqMgyMcMHrduNZWoS86MNFATaQFoTcdl','41.57415288202821, 102.38542146791019','42.493923002712116, 68.23241305394893','2017-01-13 23:00:00','2017-01-13 23:44:15');
INSERT INTO ride VALUES('se1VEScNoA','FpyzaCUeqs9v38Y1LVpWcd1R3QPf5ayzJ5Jj7M3hw43aToifbq','55.66273248192879, 43.213693804622274','43.10372251444811, 64.41142262768611','2017-01-07 13:00:00','2017-01-07 13:52:04');
INSERT INTO ride VALUES('wtWCqbeo2w','wz1r19jxDL1XNQtDc0TQCESuVXWSrsmTcXxVCRzfq0ZmxgJegN','53.218640488166216, 95.86986711378238','40.33400759079142, 50.10138367518012','2017-12-26 21:00:00','2017-12-26 21:04:55');
INSERT INTO ride VALUES('lhkagjRyya','zDFdwetg7eD9vSGfcos8Hbm4s8MhFmGIDQSEuw7UP2Hd8I2ai7','54.064692444917206, 72.37959374701737','48.282839315120476, 64.15972829535164','2017-11-14 20:00:00','2017-11-14 20:55:55');
INSERT INTO ride VALUES('EW6dJKbYYc','wz1r19jxDL1XNQtDc0TQCESuVXWSrsmTcXxVCRzfq0ZmxgJegN','58.72573642544175, 107.16908797771508','51.7263393694643, 97.3903786196962','2017-02-17 11:00:00','2017-02-17 11:21:24');
INSERT INTO ride VALUES('hP5A7YedHh','1zDjC2nKCPXkuSu5d3cuzSPWaM0CzWLS63QgnD1W2A8HZClkaM','40.202764297419435, 74.82528769960379','52.09426223628195, 93.50993603748569','2017-11-09 13:00:00','2017-11-09 13:31:22');
INSERT INTO ride VALUES('EW6dJKbYYc','7KtJDpv5Fv3ZlLGOgoKMkE0buWkGeGtfmpmlIGbT7eeNRKp8YZ','42.72359484160261, 100.31928992128299','50.07283339971899, 62.645667112474456','2017-01-25 11:00:00','2017-01-25 11:20:40');
INSERT INTO ride VALUES('9rY0O3G174','6DNPnUEuBY084gQ3erS8IDCaZSucTfQz2dzqNbdTcsU5Va4tzn','56.139201783612165, 36.04372650713012','57.744411267751886, 127.3893911546136','2017-12-27 20:00:00','2017-12-27 20:41:52');
INSERT INTO ride VALUES('1Kko4eYxED','ONpXgKCwtW4kaT4kXDrnaYSMUdJBIAJr1VJoz25nRXouwYIln7','51.66153670244323, 65.71261756835852','53.24562522110384, 106.60903078369344','2017-12-22 11:00:00','2017-12-22 11:30:20');
INSERT INTO ride VALUES('EW6dJKbYYc','8JVkknpuY94JnsJTbvyLhklfK2aXR7iFTqdnUS7G2ydGuJGC92','45.759814224239996, 123.3756053215087','44.400513898016285, 75.6660706355731','2017-01-13 21:00:00','2017-01-13 21:10:25');
INSERT INTO ride VALUES('mGVg3L0sUM','PSdO8q9Q8tVgYiHKWzABHKwbK2gWQ6x1pK7EujSP17VNx17no6','49.77488867704645, 107.18606063979445','50.98045426233328, 104.06630060780246','2017-02-22 00:00:00','2017-02-22 00:11:32');
INSERT INTO ride VALUES('o7JNZzqRRV','mfCkeDv4dBVs01a1RpoDH8EDo1PXV2xZ5psyX7cQESJeWWCdzm','55.274465824348724, 105.08592542520776','52.17794883776635, 115.71119317616127','2017-11-13 20:00:00','2017-11-13 20:34:44');
INSERT INTO ride VALUES('xAhuSKgcIc','IQN5fo2glL9vtCkCcyFjIMqfNDTko6EobbispeHz5L71Z81stU','48.90479785145297, 47.283038389672726','50.399653322445936, 38.04310765834669','2017-01-26 11:00:00','2017-01-26 11:24:55');
INSERT INTO ride VALUES('HcomhxJ6cU','u6CnpzxE7wT4BdOLBP3vv76Fy3cKXmzxU3Bbb7mLo1L31eQtvL','54.00296595338146, 32.30572279590383','59.992830428694404, 31.631647136136717','2017-12-27 12:00:00','2017-12-27 12:42:53');
CREATE TABLE charge (
  plate varchar(15) not null,
  UID integer not null,
  cost integer,
  charged_datetime datetime,

  foreign key (plate) references car (plate),
  foreign key (UID) references charging_station (UID)
);
INSERT INTO charge VALUES('oIFluUmQfR',1,4,'2017-11-18 20:34:32');
INSERT INTO charge VALUES('mrOCHTpfv1',2,6,'2017-01-08 11:14:12');
INSERT INTO charge VALUES('qW4Ehaqr1O',2,0,'2017-02-25 20:02:31');
INSERT INTO charge VALUES('24flKlJNyw',1,8,'2017-01-28 20:31:15');
INSERT INTO charge VALUES('oIFluUmQfR',5,1,'2017-02-16 13:13:04');
INSERT INTO charge VALUES('24flKlJNyw',5,9,'2017-11-06 11:05:54');
INSERT INTO charge VALUES('TODyE4plkk',1,3,'2017-11-19 21:02:31');
INSERT INTO charge VALUES('TODyE4plkk',5,5,'2017-12-18 20:45:14');
INSERT INTO charge VALUES('uMkh11go2Q',2,2,'2017-01-01 20:04:03');
INSERT INTO charge VALUES('TODyE4plkk',3,9,'2017-11-10 01:50:31');
INSERT INTO charge VALUES('T20Rm1wIH4',8,8,'2017-12-22 10:13:13');
INSERT INTO charge VALUES('QtMhVB4inW',4,1,'2017-12-20 23:22:14');
INSERT INTO charge VALUES('mrOCHTpfv1',11,1,'2017-12-10 02:30:34');
INSERT INTO charge VALUES('oIFluUmQfR',8,6,'2017-02-21 10:32:44');
INSERT INTO charge VALUES('oIFluUmQfR',8,0,'2017-02-02 00:54:05');
INSERT INTO charge VALUES('24flKlJNyw',3,5,'2017-02-12 12:45:10');
INSERT INTO charge VALUES('ikgjQb5906',4,4,'2017-02-05 03:22:10');
INSERT INTO charge VALUES('WTAl7INjR4',12,8,'2017-01-13 01:31:12');
INSERT INTO charge VALUES('JcANT2ZYC6',2,8,'2017-11-05 20:11:20');
INSERT INTO charge VALUES('DhqWI62JHt',20,1,'2017-02-28 21:13:41');
INSERT INTO charge VALUES('AN123',1,6,'2018-11-20 08:00:00');
INSERT INTO charge VALUES('AN123',1,6,'2018-11-20 08:20:00');
INSERT INTO charge VALUES('ikgjQb5906',19,2,'2017-11-14 03:13:24');
INSERT INTO charge VALUES('hP5A7YedHh',21,3,'2017-01-22 13:23:44');
INSERT INTO charge VALUES('lhkagjRyya',5,3,'2017-01-18 21:54:40');
INSERT INTO charge VALUES('lhkagjRyya',7,3,'2017-01-02 21:42:54');
INSERT INTO charge VALUES('oIFluUmQfR',11,9,'2017-12-12 00:41:14');
INSERT INTO charge VALUES('V2NMFJydRj',6,0,'2017-11-01 02:34:53');
INSERT INTO charge VALUES('qW4Ehaqr1O',12,6,'2017-02-21 20:00:01');
INSERT INTO charge VALUES('mrOCHTpfv1',8,2,'2017-11-04 01:31:01');
INSERT INTO charge VALUES('lhkagjRyya',24,2,'2017-01-08 12:34:33');
INSERT INTO charge VALUES('33XoqHTkEz',12,3,'2017-02-02 00:04:20');
INSERT INTO charge VALUES('uMkh11go2Q',11,3,'2017-11-23 00:41:53');
INSERT INTO charge VALUES('5MH238V2md',9,4,'2017-02-26 21:43:24');
INSERT INTO charge VALUES('AN123',4,0,'2017-11-04 00:30:25');
INSERT INTO charge VALUES('mF5KGrSYtC',13,7,'2017-02-01 20:24:33');
INSERT INTO charge VALUES('bEbgQASSXz',14,8,'2017-12-28 01:52:44');
INSERT INTO charge VALUES('V2NMFJydRj',20,1,'2017-11-02 23:43:12');
INSERT INTO charge VALUES('FsY6ffYFp0',23,7,'2017-12-22 03:51:02');
INSERT INTO charge VALUES('bEbgQASSXz',20,8,'2017-02-01 21:01:40');
INSERT INTO charge VALUES('2eu9pefLjq',4,0,'2017-12-18 02:03:51');
INSERT INTO charge VALUES('R2sDiGfgXk',30,0,'2017-11-22 00:31:14');
INSERT INTO charge VALUES('EcGroB0SfC',42,3,'2017-11-20 22:14:25');
INSERT INTO charge VALUES('se1VEScNoA',22,8,'2017-11-22 01:31:02');
INSERT INTO charge VALUES('wtWCqbeo2w',16,3,'2017-11-11 03:40:32');
INSERT INTO charge VALUES('lhkagjRyya',44,7,'2017-01-29 13:30:25');
INSERT INTO charge VALUES('2atbr5t6nJ',15,8,'2017-01-10 12:13:43');
INSERT INTO charge VALUES('P8rn3qsPGz',31,9,'2017-12-19 12:14:45');
INSERT INTO charge VALUES('ikgjQb5906',48,2,'2017-12-27 10:20:00');
INSERT INTO charge VALUES('IFkqAGWHsW',19,7,'2017-02-12 02:12:01');
INSERT INTO charge VALUES('P8rn3qsPGz',46,9,'2017-02-17 23:12:02');
INSERT INTO charge VALUES('ikgjQb5906',41,3,'2017-11-19 02:25:43');
INSERT INTO charge VALUES('FGqN3lpnwD',47,9,'2017-11-04 11:45:14');
INSERT INTO charge VALUES('EW6dJKbYYc',41,3,'2017-11-11 13:35:10');
INSERT INTO charge VALUES('bEbgQASSXz',39,4,'2017-02-15 03:03:12');
INSERT INTO charge VALUES('HcomhxJ6cU',19,2,'2017-12-28 22:25:50');
INSERT INTO charge VALUES('tG048oz14P',3,3,'2017-01-27 03:04:05');
INSERT INTO charge VALUES('mGVg3L0sUM',8,5,'2017-11-19 21:45:34');
INSERT INTO charge VALUES('kW3SEbHC9o',26,7,'2017-11-21 23:55:55');
INSERT INTO charge VALUES('ukv7f0SxX0',7,7,'2017-01-01 13:13:14');
INSERT INTO charge VALUES('hP5A7YedHh',38,3,'2017-02-01 12:50:25');
INSERT INTO charge VALUES('uMkh11go2Q',10,6,'2017-01-18 11:44:44');
CREATE TABLE repair (
  plate varchar(15) not null,
  WID integer not null,
  cost integer,
  repair_date date,

  foreign key (plate) references car (plate),
  foreign key (WID) references workshop (WID)
);
INSERT INTO repair VALUES('oIFluUmQfR',1,73,'2017-01-07');
INSERT INTO repair VALUES('oIFluUmQfR',1,49,'2017-02-21');
INSERT INTO repair VALUES('mrOCHTpfv1',1,59,'2017-01-01');
INSERT INTO repair VALUES('mrOCHTpfv1',3,49,'2017-01-17');
INSERT INTO repair VALUES('TODyE4plkk',5,83,'2017-12-20');
INSERT INTO repair VALUES('qW4Ehaqr1O',2,86,'2017-01-01');
INSERT INTO repair VALUES('mrOCHTpfv1',3,40,'2017-11-12');
INSERT INTO repair VALUES('24flKlJNyw',8,36,'2017-12-11');
INSERT INTO repair VALUES('ikgjQb5906',2,4,'2017-02-24');
INSERT INTO repair VALUES('QtMhVB4inW',8,83,'2017-02-13');
INSERT INTO repair VALUES('oIFluUmQfR',4,97,'2017-11-01');
INSERT INTO repair VALUES('T20Rm1wIH4',10,43,'2017-12-26');
INSERT INTO repair VALUES('QtMhVB4inW',9,0,'2017-02-29');
INSERT INTO repair VALUES('24flKlJNyw',14,98,'2017-11-09');
INSERT INTO repair VALUES('mrOCHTpfv1',9,30,'2017-02-16');
INSERT INTO repair VALUES('mrOCHTpfv1',5,94,'2017-11-10');
INSERT INTO repair VALUES('oIFluUmQfR',9,22,'2017-12-24');
INSERT INTO repair VALUES('T20Rm1wIH4',14,20,'2017-11-25');
INSERT INTO repair VALUES('JcANT2ZYC6',11,59,'2017-11-19');
INSERT INTO repair VALUES('6pFMdiTJjI',8,30,'2017-02-10');
INSERT INTO repair VALUES('AN123',1,20,'2018-10-31');
INSERT INTO repair VALUES('uMkh11go2Q',16,57,'2017-12-29');
INSERT INTO repair VALUES('oIFluUmQfR',9,3,'2017-02-05');
INSERT INTO repair VALUES('mrOCHTpfv1',23,56,'2017-11-12');
INSERT INTO repair VALUES('mF5KGrSYtC',21,12,'2017-02-28');
INSERT INTO repair VALUES('FGqN3lpnwD',14,82,'2017-11-01');
INSERT INTO repair VALUES('lhkagjRyya',2,69,'2017-02-11');
INSERT INTO repair VALUES('oIFluUmQfR',3,14,'2017-02-20');
INSERT INTO repair VALUES('uMkh11go2Q',21,5,'2017-12-06');
INSERT INTO repair VALUES('mF5KGrSYtC',2,69,'2017-11-21');
INSERT INTO repair VALUES('mF5KGrSYtC',16,68,'2017-01-05');
INSERT INTO repair VALUES('EcGroB0SfC',9,46,'2017-11-17');
INSERT INTO repair VALUES('xAhuSKgcIc',22,46,'2017-12-28');
INSERT INTO repair VALUES('33XoqHTkEz',29,90,'2017-12-09');
INSERT INTO repair VALUES('IFkqAGWHsW',28,83,'2017-11-04');
INSERT INTO repair VALUES('lhkagjRyya',29,86,'2017-11-27');
INSERT INTO repair VALUES('mF5KGrSYtC',12,67,'2017-11-10');
INSERT INTO repair VALUES('EcGroB0SfC',19,33,'2017-12-18');
INSERT INTO repair VALUES('lhkagjRyya',8,4,'2017-12-10');
INSERT INTO repair VALUES('bEbgQASSXz',15,38,'2017-02-11');
INSERT INTO repair VALUES('bEbgQASSXz',13,63,'2017-12-07');
INSERT INTO repair VALUES('qW4Ehaqr1O',1,98,'2017-01-23');
INSERT INTO repair VALUES('bEbgQASSXz',18,28,'2017-01-23');
INSERT INTO repair VALUES('FsY6ffYFp0',43,15,'2017-11-21');
INSERT INTO repair VALUES('mF5KGrSYtC',13,14,'2017-01-22');
INSERT INTO repair VALUES('ukv7f0SxX0',9,45,'2017-12-09');
INSERT INTO repair VALUES('mF5KGrSYtC',7,1,'2017-02-23');
INSERT INTO repair VALUES('ikgjQb5906',48,61,'2017-02-09');
INSERT INTO repair VALUES('5MH238V2md',43,27,'2017-01-17');
INSERT INTO repair VALUES('xAhuSKgcIc',10,44,'2017-01-18');
INSERT INTO repair VALUES('uMkh11go2Q',12,63,'2017-01-22');
INSERT INTO repair VALUES('P5SzcXAKe8',18,68,'2017-01-12');
INSERT INTO repair VALUES('V2NMFJydRj',13,63,'2017-01-28');
INSERT INTO repair VALUES('1Kko4eYxED',45,74,'2017-12-07');
INSERT INTO repair VALUES('lhkagjRyya',53,31,'2017-02-07');
INSERT INTO repair VALUES('FPTHWuMP46',15,54,'2017-12-05');
INSERT INTO repair VALUES('tG048oz14P',5,11,'2017-11-05');
INSERT INTO repair VALUES('qW4Ehaqr1O',49,66,'2017-01-26');
INSERT INTO repair VALUES('LBjFAnNRUe',3,78,'2017-01-28');
INSERT INTO repair VALUES('EcGroB0SfC',3,79,'2017-01-25');
INSERT INTO repair VALUES('33XoqHTkEz',27,82,'2017-02-12');
DELETE FROM sqlite_sequence;
INSERT INTO sqlite_sequence VALUES('charging_station',61);
INSERT INTO sqlite_sequence VALUES('car_part',61);
INSERT INTO sqlite_sequence VALUES('workshop',61);
INSERT INTO sqlite_sequence VALUES('provider',61);
COMMIT;
