PRAGMA foreign_keys=OFF;
BEGIN TRANSACTION;
CREATE TABLE location (
  GPS varchar (100) not null,
  city varchar (50),
  street varchar (50),
  zip_code integer,

  primary key (GPS)
);
INSERT INTO location VALUES('46.82333488840338, 104.97721098116544','hSaXR6Knp9B4fyNHrzm8n42PXtjq6Pj5wBArZKItaJTqw3y7Sj','q89ot9jrK10CTGc4tvjKoT7GyfcGJn0ojBGaKDfyfNJooPjCP2',1934434104);
INSERT INTO location VALUES('44.14251167304107, 68.9301880508315','w056zwKs3FRchHgPofD2i7jGDlvLMi42sbldvtnPfREzUk1wxZ','87EOS0J9251nAjfMOaQlYDqhS76e71ESRCLe6x94ck1ynQK85N',581781190);
INSERT INTO location VALUES('51.91518079239458, 53.551894434850325','JeQzykVLIGFJl8osrodGKPdf1KkbYGyIjAVuo8KrWyUPrQsT6V','Y3SAEZgdauO0JIhGLxot9mPjkxqsWk45wVVCwBzKjJ1YsNvT6Y',9965951756);
INSERT INTO location VALUES('58.50857449768206, 125.95966588023373','QakOadzc9NyOw6mdYPiP7VgIxXcoPuhAhkgXu5SgMFcfWlChbv','TPx3Lpt107GS2MDblnzx1ndDVfOR1dXpq5vjWqAPUsPoqggShF',9544233170);
INSERT INTO location VALUES('55.92713210652276, 127.41782774815988','y7c7rcxB5jvBnVRTLW1ZXukGU2Q1qCiZJB7tNude2WO9hHMWFj','y6Yj0R3hwyODxjvBYGCDlsLAjWoXJtSWL9kA1fTaqYXfAarGsE',4930322182);
INSERT INTO location VALUES('56.65368768652546, 99.5249670388152','cLPnkdwyPv9eQaEtiDvcQQCAi9YOKESZBzejGl7t9sRmWwHYG6','iroApzetIQlbyM1LPtrgXhsSGcZrjQukQncnAeir0YRJWMZY0p',1549891903);
INSERT INTO location VALUES('57.28807129067428, 81.1761864430708','HJAb5KyZAEpmBHegtRcowL9CIe30Lut9WVhfaa27Za1u9tFg9c','sjBKG3NRnapgSLFYXYatGozGqzqDjiebzCwpSX5lp0L0XorG1W',9373785686);
INSERT INTO location VALUES('52.6796281015893, 84.35730433081156','5R1yFTJrtZtjtukJR9jrAjsb2NGKk2oyhlU5nVcEtP7aHEK33S','2hYe8srgXwGVSQ9GHVtStPkplJie6d1wHuTr0NZfdqDH0P0tOi',5173788983);
INSERT INTO location VALUES('57.50145143134967, 91.22046948972317','luGW93btNLa25RPQRD5EbBAIuxtcqIOSUnDKiTXRPCNEjzzEJH','0Z6pvafS9ZfXCJlXrTxTYZPxlrdWyJzDMEXKdS8NFaxTA39sJU',79770417);
INSERT INTO location VALUES('50.83243270513279, 47.901336701482606','CDcm9gVAVZjZLNLtRoUo1BDgG7Mw9xtm9daSxOLHfm1eeQVKB9','tMNYaDESvStM9GN5wpTQRxW7yNA8d8bwFaFomIOfQZDCe2hfyT',3109417400);
INSERT INTO location VALUES('42.79722944968656, 116.0692676592248','qiaLNJkgNRkOWC86CcMU6rLi8RWoiWp04Ii2mHBE4q8rPQkklD','G2zojATmObqLvsYUe52je4YY0xGFlrWg9iPjZh16bVzk2kzq6R',9438719860);
INSERT INTO location VALUES('43.693638226958946, 109.24191414036763','K7YbPXnEhsjC4rl9UOUHIeSbP1Km1ZICDxMumwryeD90JYCW6w','NoPP7sa4ESK0dsUOThXwca0lYwNDTUte3Dp9frruIFaASCGb2s',1212713116);
INSERT INTO location VALUES('52.28037082107568, 112.02993360721827','V84J2sWd6eBOrdSQXzLn7k2PO1S5MqEhawSTZAuEmhWJXphgvu','rsAympfmviZKTDgqVABaUVJy0fL6B01fM3uHTRBMJMkSbCefjH',6738902979);
INSERT INTO location VALUES('47.81766767457202, 109.41954384344486','HE4s4W4uXLgXaDpbk2WlVsdotKqIe1WY17PYyW0KrbL1lCAcl7','0DNWmSUAmzRJ6sybAYgQpQRT9vQTNhHEnTEpIIkx2AmH5831VY',7022307093);
INSERT INTO location VALUES('46.768496248670736, 118.47903360800848','51n896naJmYW1j0DvEAcx9be9XtVi9NmsDF4UJoeFf8W1piN3F','4Ad13otSIoDTyqLj1FYhBAzkVFYoJGPlxADBOu16sjv7p2INtN',1345303072);
INSERT INTO location VALUES('59.47836919164335, 62.70612668185788','Q29Y9TPMAF5CEhcopGDc8C0sAKe1jw4aTxwqlR4kXWwX4lbgp9','QlmB2r3AwAqVWjjDXZSTKY5pGwET2aZzPE5HpyiT9FEzfAStT3',3197742256);
INSERT INTO location VALUES('56.45577758366875, 53.16160164163003','pxT5UFqkjMItx5rSWuiZ0Us6CAobx0gXBgdvzrGo7OeLXqgFQd','nFj2ClWg7UKkPcpNJUCijJu4k2Doa4ku7KmguS2tXQmBWL3oKW',8954208012);
INSERT INTO location VALUES('59.74936962623898, 67.10156124611359','kZ5G8crJ2nv7Wn4rFFXwyhTJ5XB6RoDMKdeO1I2L5csdQJw01T','9X9LEpn33N07korlAVzgEMsdbxPrwzynMF2AWcEAtd7MYq6KB1',4337160842);
INSERT INTO location VALUES('50.993755141506014, 124.10910050591247','94gU4T4uYiQBKsY74wpW3jT2aq0Xp8WciIvC84ODWjfXeSPeW5','25sib2dIlw4FHvZoykFqtioe4eNmxQNwRM6w5gqgOGqp0bt81s',3819728250);
INSERT INTO location VALUES('46.540515510985216, 36.489613452070046','f0tQlPvuiJ4RBSzjJeclLCYX6KrHVencMsSNM4KsaUySDrl0GJ','0FM3mi6CiBTTJqzcdx6C0tTaa6oOsAf5bDevEqhNCxogONUql2',2122184155);
INSERT INTO location VALUES('56.73829074827192, 86.73255491192384','c1qajMS5oBGmP1TqrpazIB0zGbPSFIog7KAM5ZjgM06C7UXLgn','6nfy3SW4u2W71ruHO5mdAQB2AJkB2z45xCBj9VIARxVWmAFgE4',8356991025);
INSERT INTO location VALUES('59.84949973554245, 74.67086888108241','DjJ69C8pTSOdWQrmsQ1ag1eV1x9wSVmG5FT8BbP7vp8wGVMnCY','eZFjRrQ371hcgi7nDulRg7xYloTElfxKWnBTJLLw2hbt0zAnXr',1073494580);
INSERT INTO location VALUES('53.82169355107291, 53.21205296483107','f53lOeHIJYwrHqSYWz8EUxtpsjt8QACk4Ojon1nyNyJIlztP3s','T5dYs2Crdlk8NtNOHqNtB9t8Rc9oejGxho0T189yMEQNqKR9G4',7418736851);
INSERT INTO location VALUES('45.18852858765042, 115.87616023257117','ZPWx7FO5V0du6HoWz3wsdB2rufOxwklAw64WTfy6mtXEmZwAJ4','tu5FGMosSDu0Ev6kfk9ALyJK5NQrvvZ3mCYO07MTtO4VKxy2Vi',4456414136);
INSERT INTO location VALUES('58.529912221253774, 31.823907543498095','ccBUINemOOh1xzngXRcygdYBaTQ9Bkb2Ft5SQEsWtpSUVIsN1A','7Li06P03nXiCOCcD417p3j1v5shnTGZHONhzyaQBczLLlYRu5Z',1844958268);
INSERT INTO location VALUES('59.33539813570971, 120.91554928140384','1w89Uj7MeY1bl1vhyihV1M0DxIiSyevWlu89w410kwo5fEfbe1','g79GuEsa5KzzviUIReSF10hzM0kslFYgfBNLBq1640DhRs05QS',8078749795);
INSERT INTO location VALUES('41.0273375401792, 114.88915186815514','oJfrJx5sj0gUcn5pBVQcROovXwM9qnViQZZUiGSY8JHgIGpt4d','67u84qiK2PD7kZUxZBMhJuHKzfWxsjG0KYa6zs9NQQckJHu9y2',8573717860);
INSERT INTO location VALUES('55.70826345082405, 124.12642696734926','lGSIMsII96DO9T3Zbk3I5pYZEdbGzvgO06UEMTvA4FQVRsk1vI','cXuOTZfcLB7ut4YrpNJnvcCE879MjtdyAYumGErWTKn9WGfJgq',5297407920);
INSERT INTO location VALUES('51.99238411918744, 58.13614818962774','pz6DCF06kxD7eBBOTu1Lv9ubLIjgMHDJAjxGbHV6bxHVS8S0Sj','FkbGJ9yTdMt7BNZ5ZJkIxwREewkJhMk1Q1NrRAZpKxgShw1YWd',2816342200);
INSERT INTO location VALUES('48.80056269421316, 71.79932149196034','wX696W1090dbFSjAyx6say5AHD8mLMvAxt4TGm37E2GtFDc8W8','30dJlTxGXc2Q5V71BarTbZW08fskvYaEn6MtevgPtWBHz0jsvb',9272734533);
INSERT INTO location VALUES('51.723700662944324, 50.47655563899663','NIfOfe0QIqsIcIUaXFTruxTfyu3rdecqLvJhofDmWfnnNZ5aWu','Gr1RSti10bHseKi21l41F6zBC33EwsDKSVHqRid2QhOAARwOX4',1231612392);
INSERT INTO location VALUES('54.53034526332841, 84.97433474096974','v509uSW1LZ7WNzddDOFmmqP9Zhpx5o4cuigBA5jo7mGy6isTRA','EeeyTr1EvJPGwnjsMw1Y3RSuJI9dzsSc0HZ7lzjYi2kr4CExxe',5683025889);
INSERT INTO location VALUES('52.4254828368567, 83.32845015022089','JD5SQ8Q33fZska3mYtyFb3vMtgHQo0hl9xyHSunuFuWySyWryV','BEOpHg15me9I7UGEVAzH7hUnrAhrO0IPF16U6SjJMypg2Zm0sX',9295361838);
INSERT INTO location VALUES('41.28756781874072, 116.04063038734354','yAYE6sdXmnrj54Tc8212pX8OlDevOOZLpzz6uY9NQ8dftrEnZv','Xdgq9tAaXdKaSzHkGEUOy9S9yUBbIRPpeY2ii9KrqtHA9h8yLU',1298240843);
INSERT INTO location VALUES('53.36571658327311, 53.36537706541331','HinYuXfVtrEtTPkKZ9TJzORKoRJTuLtLmjlhW3GwhDpLn4Dwq3','7Cg6j5qtXlbpJEgmZXcGymw6UylUvGgNg9tcAbAm3J8fUOwKpW',9828459934);
INSERT INTO location VALUES('55.95487499114857, 54.458973515888374','lol95RVbSa610tysWfoiT38aaYXYSNQVWmClEcEBWzBWcwf0Jb','u31qC1xeVs2iQlEowELnjGUqtAjfa1ImPmmukVeECcnLMwsS2d',4305699277);
INSERT INTO location VALUES('45.460293827409984, 43.1382221386389','ZKlhC1O7SpShhvL4equKVMRDTP23Asu9awVsIW6hJ5nOI5nVib','mTWducgKBi6gGC88u5mzO31FJz9MCIVFJcy3MiPW44bvfRJp5r',71076179);
INSERT INTO location VALUES('45.061503521140125, 105.90066484769807','n0nY27FBHNQ7Yb2GOqmAXYd7QSlkejy505gN7lwtDDOg9bOYaU','V0CgQipAPkKwoSBz7a96DPq7NZUxsZv0AU70AEBPqO3RqeH8Lp',5678887076);
INSERT INTO location VALUES('43.49969642681321, 61.1010204126736','uDbRwYndVKmKC2HVNnVIdeFjETRTNLoRXpgF5ZEDMNbksLOfc9','WU43lU2PfwotfTdzPQOi1EKssuWIgx7pLeMYJ1kCLTQcHbexcv',3726482389);
INSERT INTO location VALUES('48.35645209856432, 61.23398786715026','ACnVsIbccL6pvEer5wCyoQQO6Hkmp6q7JsQE5eDa2lBff0wofN','G74U0nSBWhO9EkF0EohasUAZhGPJK4t0t6LLQ3VPUimuZbfht0',1118958288);
INSERT INTO location VALUES('57.28592940410246, 123.52418219221055','nXBeeYDk8PmakUlFLg2t6lyy1kOdAipVnsgT4dr27GhVI6pkHk','1RHinT1uHVgy728MfBLRbLCmPqlEU6j0NAkZzQood0seTPLngF',3172586212);
INSERT INTO location VALUES('42.07525370641756, 110.73668380951648','ho3nC0IxQmOPnMgNVhTQY7UMpvxRzAWmBTkLAxJzaDNmNp5c0X','MlnwVJzSYmlMtTrwR4e5R4oQrsyh2p1wmJcROHd6It6uS4nTk6',4959403406);
INSERT INTO location VALUES('58.398535741470866, 123.65812496123098','2rzmTAaTpXppEENOzzhbRmdrZF3SChQiLIb7qTbvqa0KSPt9u9','pHtXkx9LL10qGd9xlK9gdnAc8qZDiQr1PwuXaUCeCd2diyVd2e',8714876011);
INSERT INTO location VALUES('51.5172248522533, 31.34587590323587','TpniP0jdbGIrR9tGDwBzRJmCRnY7PncKgotXfIED2UqaRBiXFe','1LDsmfFKMLPvcDrIpjFD1bVnWYQWFvv58rDNF6wP7yyLGKxxyE',5620090292);
INSERT INTO location VALUES('49.84575950851078, 114.0718706270111','806PhT9CcxOZDULNmk2fiqrzGFN7fz9PIESIzxizolZNDO6Cae','o06fsQiNF33JlbZlfpuayPBhENMyWRs60afapwfqF5bIoMWBOl',4892687588);
INSERT INTO location VALUES('53.723901375321226, 81.49522116185155','lBZ7nmCSz5quLBciFHFEKbLZtgTAoXlkSRlXRJ40r1OJospf80','W9TRJ7YYsuH0vH4xJwo2SuutL0pekO9C7i5vL0TMa8ZTR9Kfm4',8387928766);
INSERT INTO location VALUES('49.83341470519548, 84.2725166671807','NyjtoGtOmTJFOdcZd4jPPE1uL6UxMgslAFtNkN0FdvGtHu5qGq','m8J98RRDGjbUoaCgH7qsQqxYUZhEJcu127k2Mt5jBMgmEohkGg',8470996251);
INSERT INTO location VALUES('56.75934399765778, 95.55097411113134','IzltQ3dL7GyYGACvSmpB7XoO7T8c3FbR7HSY9V9xNZUJdZVgnR','yCx2YusDfTY9IWWlIdbT6Awhz9SAtaFAsht3TyMHzS5HyxDYet',2214991464);
INSERT INTO location VALUES('58.77168365331801, 90.10658602057782','VsAw3Fkb5POMBhzTPrwvGoD49nBUSbKKJc6a7C1cg3Jftb0HjE','zpGsEzoGGc5J31sbBirQTDgT0kQ6HLYyl5zOJmAKLEjbQCWVjm',9356076408);
INSERT INTO location VALUES('58.19521639250142, 75.60484987074526','TQbLjYHXQbTpxzpigryX0kBtrh2XJaKs3LsagRZH5BsqdvsgEg','zhDRaWtViGkI1I40Wj7xlO0cBWYJimQATr55BuiBSOtMrd9vF6',2447942128);
INSERT INTO location VALUES('50, 50','ksz','strt',111);
INSERT INTO location VALUES('52.533376850196014, 94.44382908828116','K8xNamlWqf5qmhHWWwMcWTSZpBx5gshbBs78Q6Pdpqi0KhuyBa','u1iusgh4rubpfXCkmxu01jnEIxV4tbsUCXtJDMGCCGLo2cQPF2',4911105581);
INSERT INTO location VALUES('55.46256241907704, 94.6476807220824','sQF0NU4HnOjxpBtnh0Bt244KZFTnA1OcwFJTKRSOMHN00ChUDf','RQlf916KVygS4SfNPeLnNUAugGVQA4r2wmFRhSJzzS1uq7OuTW',548220575);
INSERT INTO location VALUES('40.428046225940975, 70.09222240309049','nqT5wPRbPHjrKmL4LGqnbk2YpqUNeH1IyCWRcBZOsfjr2wT8aO','4sSqOHGaNKCcvmnOh2Cf1WzZ3jgeop8TLoOoOIyLVanaFkwfTE',3786867019);
INSERT INTO location VALUES('57.45251979637082, 123.51002404295144','v7PRkNFVMK9Qhj86s5xKsfDrDofBcQ3qGyHypApeWVOOktQ9y3','0VBfMJSIbTji5dmKeIICDPnpAhOfeVc7twg92cYZt3xaEDDLyj',11321404);
INSERT INTO location VALUES('55.84451154003394, 84.15215093406312','GsGQ4anM1W5seJ68kqLkzf14P0zpTHf12QD69EuQH2mIA3ZcMp','esdvKHEyQVsmGtCfah3zW8UPY7fcOkOVhrrSGluHKGDgURygPN',5895812530);
INSERT INTO location VALUES('52.07426702120161, 70.77499506267303','tD6yPzJzvQaTGFSOKcMH4WpitAtyjya5Gfuks1s25IWvZIKPm2','F5vSE8RvqCOWO00CKDmsQcm5lYmYKucuqs8dJKbX0JvBuXmDGh',2021525204);
INSERT INTO location VALUES('52.11087767316789, 71.96156993442898','F1aV2hRcZITKw9xNy4UrE0l2sFsstq2cv5PR6aXqN79xSn3L1G','a0oQleyf08pjwYfe3CyBAxD7anQIDYYiHS6eMY0aZfO3B2LFZd',1491909607);
INSERT INTO location VALUES('45.59699696164298, 86.5032454713676','Yzxd6CQVjFPZpGgDSu4Pw3klkSS9Dw4pvOckObzWV2n5ZgEqPQ','36HZBc63B9tu7ehOP8f4NMKJHxHhLv9fUinNdACjodAzcTqs6o',6034242125);
INSERT INTO location VALUES('56.029613890839556, 55.77804222488672','XhYUi36ih6jO57E1VlkLeYOZOpN6GZ0aU6BkBQ9uFsMjbJzr2P','Da1n8wWqRM8AJfiQg8XWI62ROoN3byotGjuddNLdAoPhYXj4lK',4119432899);
INSERT INTO location VALUES('40.5933247287893, 73.69101800276209','KxXWhoX3qeIMTwl5gg4KC7y4nGmg0f6yNpkm0SNcylF7U3Ua42','AIQ7wNp7vHslIdTwtd5BmjTiiDHFu4fq06rKl3X8WBxfCqin1k',9809508220);
CREATE TABLE charging_station (
  UID integer primary key autoincrement,
  available_sockets integer,
  price integer,
  time_of_charging integer,
  GPS varchar (100) not null,

  foreign key (GPS) references location (GPS)
);
INSERT INTO charging_station VALUES(1,87,0,7,'46.82333488840338, 104.97721098116544');
INSERT INTO charging_station VALUES(2,12,7,34,'44.14251167304107, 68.9301880508315');
INSERT INTO charging_station VALUES(3,21,4,85,'44.14251167304107, 68.9301880508315');
INSERT INTO charging_station VALUES(4,29,8,57,'44.14251167304107, 68.9301880508315');
INSERT INTO charging_station VALUES(5,65,4,42,'58.50857449768206, 125.95966588023373');
INSERT INTO charging_station VALUES(6,68,6,78,'56.65368768652546, 99.5249670388152');
INSERT INTO charging_station VALUES(7,22,8,90,'56.65368768652546, 99.5249670388152');
INSERT INTO charging_station VALUES(8,90,0,45,'58.50857449768206, 125.95966588023373');
INSERT INTO charging_station VALUES(9,75,1,35,'52.6796281015893, 84.35730433081156');
INSERT INTO charging_station VALUES(10,53,1,12,'51.91518079239458, 53.551894434850325');
INSERT INTO charging_station VALUES(11,99,1,10,'50.83243270513279, 47.901336701482606');
INSERT INTO charging_station VALUES(12,84,5,1,'57.28807129067428, 81.1761864430708');
INSERT INTO charging_station VALUES(13,52,6,65,'56.65368768652546, 99.5249670388152');
INSERT INTO charging_station VALUES(14,81,4,10,'56.65368768652546, 99.5249670388152');
INSERT INTO charging_station VALUES(15,47,4,8,'42.79722944968656, 116.0692676592248');
INSERT INTO charging_station VALUES(16,93,4,52,'46.768496248670736, 118.47903360800848');
INSERT INTO charging_station VALUES(17,69,4,96,'57.50145143134967, 91.22046948972317');
INSERT INTO charging_station VALUES(18,35,1,86,'56.45577758366875, 53.16160164163003');
INSERT INTO charging_station VALUES(19,47,3,61,'52.28037082107568, 112.02993360721827');
INSERT INTO charging_station VALUES(20,39,3,21,'59.74936962623898, 67.10156124611359');
INSERT INTO charging_station VALUES(21,53,1,52,'55.92713210652276, 127.41782774815988');
INSERT INTO charging_station VALUES(22,89,8,87,'42.79722944968656, 116.0692676592248');
INSERT INTO charging_station VALUES(23,21,4,67,'44.14251167304107, 68.9301880508315');
INSERT INTO charging_station VALUES(24,97,0,25,'56.73829074827192, 86.73255491192384');
INSERT INTO charging_station VALUES(25,81,5,5,'50.993755141506014, 124.10910050591247');
INSERT INTO charging_station VALUES(26,99,0,43,'45.18852858765042, 115.87616023257117');
INSERT INTO charging_station VALUES(27,42,5,37,'59.47836919164335, 62.70612668185788');
INSERT INTO charging_station VALUES(28,76,1,65,'51.91518079239458, 53.551894434850325');
INSERT INTO charging_station VALUES(29,90,4,12,'56.65368768652546, 99.5249670388152');
INSERT INTO charging_station VALUES(30,68,6,71,'50.993755141506014, 124.10910050591247');
INSERT INTO charging_station VALUES(31,82,0,14,'59.33539813570971, 120.91554928140384');
INSERT INTO charging_station VALUES(32,95,2,37,'50.993755141506014, 124.10910050591247');
INSERT INTO charging_station VALUES(33,67,6,9,'53.82169355107291, 53.21205296483107');
INSERT INTO charging_station VALUES(34,13,6,49,'56.45577758366875, 53.16160164163003');
INSERT INTO charging_station VALUES(35,9,0,25,'52.4254828368567, 83.32845015022089');
INSERT INTO charging_station VALUES(36,45,2,99,'55.95487499114857, 54.458973515888374');
INSERT INTO charging_station VALUES(37,55,0,97,'51.723700662944324, 50.47655563899663');
INSERT INTO charging_station VALUES(38,20,7,73,'54.53034526332841, 84.97433474096974');
INSERT INTO charging_station VALUES(39,75,2,27,'57.50145143134967, 91.22046948972317');
INSERT INTO charging_station VALUES(40,31,7,30,'52.4254828368567, 83.32845015022089');
INSERT INTO charging_station VALUES(41,3,8,81,'52.6796281015893, 84.35730433081156');
INSERT INTO charging_station VALUES(42,16,4,15,'46.82333488840338, 104.97721098116544');
INSERT INTO charging_station VALUES(43,21,6,98,'58.398535741470866, 123.65812496123098');
INSERT INTO charging_station VALUES(44,36,2,65,'55.70826345082405, 124.12642696734926');
INSERT INTO charging_station VALUES(45,81,2,24,'55.92713210652276, 127.41782774815988');
INSERT INTO charging_station VALUES(46,33,1,90,'51.723700662944324, 50.47655563899663');
INSERT INTO charging_station VALUES(47,50,8,75,'57.50145143134967, 91.22046948972317');
INSERT INTO charging_station VALUES(48,39,5,58,'53.82169355107291, 53.21205296483107');
INSERT INTO charging_station VALUES(49,37,9,36,'46.768496248670736, 118.47903360800848');
INSERT INTO charging_station VALUES(50,38,1,11,'46.540515510985216, 36.489613452070046');
INSERT INTO charging_station VALUES(51,5,'10$',10,'50, 50');
INSERT INTO charging_station VALUES(52,26,6,22,'58.398535741470866, 123.65812496123098');
INSERT INTO charging_station VALUES(53,98,0,3,'53.36571658327311, 53.36537706541331');
INSERT INTO charging_station VALUES(54,78,9,91,'48.80056269421316, 71.79932149196034');
INSERT INTO charging_station VALUES(55,56,9,71,'58.77168365331801, 90.10658602057782');
INSERT INTO charging_station VALUES(56,53,1,58,'45.061503521140125, 105.90066484769807');
INSERT INTO charging_station VALUES(57,58,3,80,'56.73829074827192, 86.73255491192384');
INSERT INTO charging_station VALUES(58,54,4,55,'48.35645209856432, 61.23398786715026');
INSERT INTO charging_station VALUES(59,1,9,69,'43.49969642681321, 61.1010204126736');
INSERT INTO charging_station VALUES(60,25,1,97,'58.50857449768206, 125.95966588023373');
INSERT INTO charging_station VALUES(61,99,6,1,'58.19521639250142, 75.60484987074526');
CREATE TABLE plug (
  UID integer not null,
  shape varchar (50),
  size integer,

  foreign key (UID) references charging_station (UID)
);
INSERT INTO plug VALUES(1,'GH4zohUPQHsXfWoGtkeZ',49);
INSERT INTO plug VALUES(2,'9zOpx4tCf0iCPthWE9NM',41);
INSERT INTO plug VALUES(1,'QXdqQv3EHzSyT9WwhJdU',64);
INSERT INTO plug VALUES(2,'JLIYD58Gmd6JGbdIcjvf',40);
INSERT INTO plug VALUES(4,'6MNUDJ63u02pViXSIQS3',56);
INSERT INTO plug VALUES(4,'0prHOfwkeJ6ai3hYk4IH',52);
INSERT INTO plug VALUES(1,'kWIk6mk1NauzK0naaGhv',32);
INSERT INTO plug VALUES(8,'6CKqxAg8n5MG4I7Reo7V',97);
INSERT INTO plug VALUES(3,'o32yfziRlagUCvU7WhGE',8);
INSERT INTO plug VALUES(5,'xPJDykvP9fXBHtErAtcZ',54);
INSERT INTO plug VALUES(9,'pxMDYr3glvflkLiB64ZC',54);
INSERT INTO plug VALUES(7,'24YAH03teA0SO6MyWzyQ',85);
INSERT INTO plug VALUES(2,'QkVdVN9IiQwb8q5NfYKL',54);
INSERT INTO plug VALUES(2,'DmbXoYfgHOQ1kOEqRvb1',90);
INSERT INTO plug VALUES(4,'hmOByt8SkBZIyxq8STI7',76);
INSERT INTO plug VALUES(7,'YtTDePvk6PyXKFmx47ay',93);
INSERT INTO plug VALUES(1,'n8Jgvk0tqHs0LEwJzHYK',89);
INSERT INTO plug VALUES(14,'Rc8tq8is9oW4KMLUpEMs',38);
INSERT INTO plug VALUES(19,'NaCLPdeAPRjfOD2wudo4',54);
INSERT INTO plug VALUES(11,'bfnZ5IcAB3LSt4IKDSja',26);
INSERT INTO plug VALUES(21,'iaDGrLtstcm05SYINpFE',37);
INSERT INTO plug VALUES(4,'vzHHFmvqvJc42DcdGFm6',40);
INSERT INTO plug VALUES(23,'0Loz5oCmOzPkJYGxc95l',55);
INSERT INTO plug VALUES(23,'F2XGM5Xr1nmTmvLockTE',36);
INSERT INTO plug VALUES(25,'hF9ZovatIOBIvdxqNAxY',82);
INSERT INTO plug VALUES(8,'FneHi3r57aP2BwrJNEPd',43);
INSERT INTO plug VALUES(26,'rKNITEYwiYdJdHxSTge1',97);
INSERT INTO plug VALUES(9,'dIXlISs5kCrsUgYwPD3v',10);
INSERT INTO plug VALUES(12,'V5Kf1NIqHXti34q2xAil',21);
INSERT INTO plug VALUES(18,'l3Zbjs8gTHbAYykwqU2s',13);
INSERT INTO plug VALUES(16,'jpTCFYWTTejcq0J3I1lJ',11);
INSERT INTO plug VALUES(14,'Ros89ZzeMTQpg1f0NnaT',86);
INSERT INTO plug VALUES(17,'9vVCPXERx5lZ49NjhduO',3);
INSERT INTO plug VALUES(11,'ccrJJhRD8jbJ0fejnnvH',20);
INSERT INTO plug VALUES(32,'3bLMvmKkA7x6aSEs9Q4b',70);
INSERT INTO plug VALUES(2,'hg6hXHY008680Smo9KuP',89);
INSERT INTO plug VALUES(24,'Yx7FcgRyNJD9LgQD1rmV',80);
INSERT INTO plug VALUES(18,'fv0VyYgRDjS3K0vrdPco',48);
INSERT INTO plug VALUES(21,'QidscSr1sjOAI0dV4clp',88);
INSERT INTO plug VALUES(14,'pxe1E4n1MdEBBpSz4rAj',22);
INSERT INTO plug VALUES(24,'fWSr2nn2HbQXJjQ7hino',4);
INSERT INTO plug VALUES(4,'d7l2NFp2ke0DoV19RVXv',52);
INSERT INTO plug VALUES(33,'5153lf5P9cQ5yca9ldZz',88);
INSERT INTO plug VALUES(40,'BwGg597Lre1T6gnEjDhG',6);
INSERT INTO plug VALUES(17,'LP9ZIHp8BRQA75553bKQ',75);
INSERT INTO plug VALUES(19,'m9vByIZVBacTINJGSu6T',3);
INSERT INTO plug VALUES(34,'9gH0K5nqBC5po65ipCW1',93);
INSERT INTO plug VALUES(35,'bp9HOP0aYpa3WA2F17nh',67);
INSERT INTO plug VALUES(26,'l01Hyef0sqhOIvM1cyfP',40);
INSERT INTO plug VALUES(9,'ljB3y0DHWrTlvDDRrUNZ',66);
INSERT INTO plug VALUES(1,'shp',10);
INSERT INTO plug VALUES(51,'SRV3kBpi3OsfGQWShUKa',41);
INSERT INTO plug VALUES(15,'MxV1dvLPPs5nZT7TznjI',43);
INSERT INTO plug VALUES(33,'9sRI4G1gTpcsVjBgRpwr',82);
INSERT INTO plug VALUES(21,'gkQzTw5FM0WBewBHq8ls',69);
INSERT INTO plug VALUES(37,'XNbPtAgQQ2EgDVzZG971',30);
INSERT INTO plug VALUES(28,'Pw1IHQVZZaYaYCTmzvRM',10);
INSERT INTO plug VALUES(16,'UAEYsj7OPLUZNlJQuBbU',85);
INSERT INTO plug VALUES(4,'oHUgcLxFHjk8bWKZWLPi',48);
INSERT INTO plug VALUES(23,'cKZjpgxcCn4BX8bZbXRn',37);
INSERT INTO plug VALUES(9,'MT9hAsABuBK1IwdP7kGP',39);
CREATE TABLE customer (
  username varchar (50) not null,
  fullname varchar (100),
  phone_number varchar (20),
  email varchar (60),
  GPS varchar (100) not null,

  primary key (username),
  foreign key (GPS) references location (GPS)
);
INSERT INTO customer VALUES('w29FDFR8ktwZZ3oTiAa0TIIN31tTwVeIo4JSseqGth12Ez2DY2','ZX2DzmDmMGzXPwnCuFlmlT049sTl7cxZL3tVUR1o8fPCxtssmi','Rx55ZL18AyzGtwujbqcF','GjsYEofEUd3OdgEPnStD4tA6CXplGsma794QhSpONCruLyAGccCuiMM4SVVy','46.82333488840338, 104.97721098116544');
INSERT INTO customer VALUES('UYksITGz0p7sCnWRzBTceFSSpKJsKRkYc67Ymu8oB3jgiLp91M','ewTUHc8IIW9wOk80SoNczneJFdlNQZNmSunjLmzT2ZQWsqchF0','QuCq8ZWsbKntHTwdM406','o2kMAziGkISTx6Hd9dgiDXKy5jya97GVH8VKgdKrDVq9V9xvXoSYjFW1dVFI','44.14251167304107, 68.9301880508315');
INSERT INTO customer VALUES('AjCHIKBnbMS0y5eUAKL2zCP1Y7nN6H4fjToVHNdaZgDf4eX18m','8Qji2o6rzPjg1r4Una1pXw0yGuXMa0KyBDJgiiglPHwTLbxmzf','yYGPfm8u6DMDV6fj9Pej','eyrihr7wPGPORpR7VxX1LRCU05WDxLrTVN2FJYlJdZuapzkAOw4MfIEHUQvr','51.91518079239458, 53.551894434850325');
INSERT INTO customer VALUES('JQ8SsFYUSMHeDPdaDN8R1CYZU9ZVCRB1EvmCiXtVyijegDn46l','9VbpR4nrA8wdYM1yKrICnu8PKOKVha9VM9qDjpbsXqcvNKtg3K','HrDEVMUT4WlnGtP2jqC4','FRA5TvCJaZywt5E4uRPGTQikHAovQ6JfHXPn3j7AuamO0q7vrmiPFnddH0LY','51.91518079239458, 53.551894434850325');
INSERT INTO customer VALUES('vB7YTbgs4iB5y5ojRSxDOleEbYBKDKBTxs8xoBt6yUo1u7zmhe','VAu2xoqoD2UFUUee8TOezUKr6C1QmMWmLvee8dxdxdY5HzBmjT','8VaigxCddTJ5bGaRHPiS','Ku1VueOc7HmaQ8xXXGytYtBCSiWDIDUPjSQVbveS8iE8fchvSohFw036leeh','51.91518079239458, 53.551894434850325');
INSERT INTO customer VALUES('scjR2ZLvzv9gavbSTSozqGQkbQlyXqPtNI1xjMp77f4zNU1EPK','Ni4COEgwRstJbGTgwtlFX45d69mUh51SFvchWrKnjgm7N3Vggv','u5hljhY5KzN6Rk4eCtDI','e00q9uFx4EDOxTRTwsDOhbNGJue3OQjm43DG4arKt96orNf6KRjk76zVxg13','58.50857449768206, 125.95966588023373');
INSERT INTO customer VALUES('lBwLgt7FSSJ2LLE10Rm2gsOcaEqr3HK3gD866u52GRPOZdf69n','R02S9hVoqILHbNB4hMD87g0ihOtgkSRenDd3gxyHLWOH8YnLt6','pFNtitd8H51hkIyoP3WK','fQn491Eh5cA6LDceaLtU5XKgaUxaYOCacsq4Y31iFK8NpSuLi2z6ZJB5NVYX','55.92713210652276, 127.41782774815988');
INSERT INTO customer VALUES('bNcEAwxp9ijEX00uXMp98XIgrOBqmMkfCgjfneTNanrcKpiQmO','eo51GKKV6uAvCUYFqUAUa5FMgiPyZZ8IQqhSSEGF1NFXKSgzKK','v88AhizpYY60lMcZOB79','J9d2146izWNiDUjxAs1QWbWNIJEnwIgVl1kSOJHyekfGcWuiFwINNYsiaDaE','51.91518079239458, 53.551894434850325');
INSERT INTO customer VALUES('nxCi2cz1KtpfODpHt7kBvgM3euWwt8j7ckgjpO99ubNwkTgg8V','4zEjiPJNpTCergO8jcdgq8gllIPGdsblqIU1QlcvfHOxMJzCHW','F3TDNtAjSblsNcdez8wh','YggKWGdXWM5N0tOECDw7dtktNEJgjpaEe4OjXTlp8rNg8pfFTITzrqROlvSm','55.92713210652276, 127.41782774815988');
INSERT INTO customer VALUES('WP1EItoOOPzaSZ37nFogV3PvexGwlGjxEVaoejP2kD3TEqjd3F','nh4oijMyY204S5rXUhjb1MVn0FtDmb4pV8e59CmkxZo2fT0ztj','iGLFTLyPpgkHdLwUTe72','vYu5JLxs1hgNS0lky1QqtxDEK0P7nWlRZgQZbP6c3WGYOrGXkGaiNbEjOm0E','44.14251167304107, 68.9301880508315');
INSERT INTO customer VALUES('g63GY7lwM8F5uGWDuFq20PeRJ8XRoe7myFuHrYEU2xWhSVWlBm','BD4htEUFPy0A1BhBBrFgzLHNx5mWxKK1wTiksmMm0IgRcA1duY','WKwWAinyXFtCB7o2SFMB','DcV69YQ7J3shaHuuWmOAwPZNfbAKvvAMMizQzQZNph7zqkZFR2TdsKBEYbSe','44.14251167304107, 68.9301880508315');
INSERT INTO customer VALUES('08hvB8zgZFdJESwkLOS5YHRrhyMRMXG6AIlvt6TukaEyQcPcRi','Y1KwqfCuiUGhX0FzbkPp45gZ3Kwf3e9vVFhsXXhRd67ydv0j4D','NMuNAswyXLNQCdEzsvUt','mc9ejA2VLrdUL8rngdqddtN65gU654G3tv3pvWeSRqdaIyB45I8WlhWBxbLX','44.14251167304107, 68.9301880508315');
INSERT INTO customer VALUES('QKl4BmbfLJBnMTuxvRbsj62RGc81T4gOJ5yNo9Tnz7ViNLsKa2','CyWwIcpPRIrsqVtvsf5AMe7nIXqxuKVhky2kjI912QcV1sBvFs','wQDg5sNiWc8yhrDp0RTf','kZYP9dDfKzVd06NIygxgfieWsErrruAoyYVcFfBenqG96EmcNQJH4nVzRx9b','44.14251167304107, 68.9301880508315');
INSERT INTO customer VALUES('Um1VDGDieE6ebUr5rio1LmNhmTntQh3hAH1Z2JXavpFaXYOStD','o3apktpY0X1574WbWEl9L5ZGlABQuh2EOLizKbcEt3IAQmmhjd','0TPqAyqHWkN5nD1zoZxL','Uarr8V58SZpzs5zle0KuRTtboVGzRqaun6zHtrsM08CBLCmNlsu2SnrUUQEc','42.79722944968656, 116.0692676592248');
INSERT INTO customer VALUES('ScifRSE1qLuXUUGQUsw5tHtDxiBQB0LLp2pHBlP58piM2bsR9W','i4AE4sRyHcSMiDWKAdKgLmcgiElyIoVl7QPpcWNOfIoODBqMDe','dYVGHz7lIuR17BXSb9GM','2GaJrkevQyTGUDbI73zMMyXZQ3Lw1pwrRnzW45TiXxw1j2XbaBdMuxwl7z3t','50.83243270513279, 47.901336701482606');
INSERT INTO customer VALUES('h2TzCJmu3bDvhSpROBlNLdf2f3LMUuBd1ysj4rqgjar8t34VGV','N3bUUwAnOUFzlXg4XylKaz6kwcd8iwFdxedgXJa8CHMmYIAy2M','UI6M7fcTBwKMkxFqtZBx','x0KXiFBIC4yHwQtM2yrsf7gQIVjRX4WA3njk8cwaiRosuDkSrBEAW2zKJAGH','43.693638226958946, 109.24191414036763');
INSERT INTO customer VALUES('WbW1PuUiQDZc7IVEA4toCUeVYr5qVIQ051zd6GoS06GppPDyLZ','MVPnhwJqdNWx7DZ6Bn4bqRnWwLql7T5gnuawbULgdU0Y9TGXp7','OGIvtUS9sRDNQg0TBUPs','fAb4mG5obZFJ1lO1hfszv0zrNZwt1zN3RJY9E3mjp2FSYPbSs4lJTO796WKC','56.65368768652546, 99.5249670388152');
INSERT INTO customer VALUES('FtUszpgshhQDpFC8zToggk9IyI824SFIwZdOPdtnYzSJNkKxIH','LWf3TlJvDU95D9KKXmDwp5CDhDGSlMngcOmwSSSApKAJ1DqEY7','PX6RrSVV7quloLyh1UA6','VP49FfJRHlsrGE70Qk3Dg8nUG8XiC5ck2TyuJAxaHTNISXfGiK1zUyfYX1vE','59.74936962623898, 67.10156124611359');
INSERT INTO customer VALUES('GIqHlmKg8BQ8buJkHfQ1itZpmZLE8CRxlPeQKU5Xu1yxdugDl9','dzfZxHU6n1EqcfwA2aiJcUlJdHgKQW5cUhCSzNjPutOrgZP4gn','dhb6wKxfWjNmuiwKLbEe','FmO97cQNmiRcU173BPr337wAT1bNGP1oBW78YBuv2zklFPZ5WDuVMBTI8sbD','43.693638226958946, 109.24191414036763');
INSERT INTO customer VALUES('enY9Pt7aX1EpyQcwfWXwV7NnDlROUFPFYfybIATYLRr257Z2I5','64wgZMv5nYsO7RY5l8uA5wAmpRwvcIqIxIQSmqiepV4dmFXotE','h3RAuOfR84eGlEMDTJP4','07DMCf3olVhaQVy3YAcH7btogN0v4NlwAuVYicsfQLLyjROWcxFQnByQGdCO','57.50145143134967, 91.22046948972317');
INSERT INTO customer VALUES('Vm01wxql07PvFJJ9zZGwVNzY0lbpquLCJzdVdC4sZyJ3vgmsYM','CM2ByEnMEWu2xWdy97jwRaiYoiq0Cw9Cwd2weEU6cLFTD7gUr6','3pUyaLSy4g0LMw2K3Si1','HD3hPROwENDx5efpOFnDjSNrVkigKVspLJHXZMwTnvNoGMudHX5C2EvRpsmX','58.50857449768206, 125.95966588023373');
INSERT INTO customer VALUES('f3DZpX08C5TgjUQi4MlXkPHiwOjYWXfav5U15tJfaTi7aaoLnT','v9y68azJzZjr8jD0yut5CRaQDDay5vHaLiHOaq4OqQnhFaXSpa','tZ5H1Pv3JRFPFqdZPWp1','vfJWSgxmzu8koO7b5Ex83fp0E9N3fVxu27bG8kJAFSfuQtumlnz60WDXnsPR','52.6796281015893, 84.35730433081156');
INSERT INTO customer VALUES('iZ9RasX7Vxtm18ALUrGaIuBHYTViA3BHqGbDOvXbLr2zfZvEID','glfsrNtKE043KGq3AA97MGLroVXQxyuQYgUVvLAE23cQT4pyeY','58iHYOSVjhWhcuuEnT44','7LcKM8MttyAsV28FJnC6T2oLRL8mJEpbs4huI6URS7WR2ymWqd1LK0BBmMLG','59.47836919164335, 62.70612668185788');
INSERT INTO customer VALUES('hIrQ7Vj4DtMppaT5u1mYpO7GV6QTgthv9M2o66ar9jGOI2XD2u','VVD5MKZXca8q8frYYGdxnfNIcGloYiR3jtOXd7oD5120jjhbfE','LdC5o42xZCxfgo4LrCOW','aHNlWjqtyMOdXo1yzguf1vXCax7uuXB712p7WjJEcwoC9Fq7k58L1bDZ9ryR','43.693638226958946, 109.24191414036763');
INSERT INTO customer VALUES('7z9BSR1ijjnSZ9PmErl6KHAZGlMBtUTSbXnNNONVifxFCO9eCX','vR7KlClA7ZlufIrygsi4uVkEbhx9No51aOJnknM3hxD8ZYZhdf','Mff0qRVe7PX5rmkx3O9k','7bLG8fY38s5Nhbcarr3HaiSxF2N7gBw02Ipu5q72urmVo05duhlbLTuj5VyV','45.18852858765042, 115.87616023257117');
INSERT INTO customer VALUES('0PDWSTQ67e3tuvu3SJNbGYfbYH5IDqjx1Fa3KYGW7Cu7RNQuW6','ReRaa2RhE4cragJeqIKhL2fUBToLSMJvgspHI9Mjl0Uq0bvOvT','CuaaRYkCyQs5YYbNUbHf','43VqIuJrp3s6jMdBCnX4IjcWLmZrreJHlGYEhkvVM0mxIxm1g6BswafwHam0','59.74936962623898, 67.10156124611359');
INSERT INTO customer VALUES('uQ0CXND9WaeQPfMe9W8tzlAO7FVivu1vvvn8cnh1gU3WmIJIHy','vQXi31mYq4PvLPDia8CR4SV19SOOIgHX2DxWAGTM2dbYJG7dQE','CalUdG53kaYTtJvprG4C','v1ZiQSlGDM1QvFnpeyqrlabtMHeBnxiuHkVyUAmud9zs7hSRoOQXEWqSs5OA','46.82333488840338, 104.97721098116544');
INSERT INTO customer VALUES('mgbZs8hmI17ENTPEhAcalnJJeSuNnC5SunnqmQEa6HQ9vBVQ3K','5816ZRXfmSAAkeY1GzF0r35bFBdMZs0BbOznBVF6Ip5vrEZUEE','ByQkqIkKeXdvRgZUMl6a','4Cz8RKSmdcyake0A209wzEw5hnzoQScEc3ZtGHAgeVqp2lLfwgTCLmfkb1N6','53.82169355107291, 53.21205296483107');
INSERT INTO customer VALUES('rITUSn2zZDsJ8B0II95LE7egIaqRozAnQ56xgN3amfKcP2qmz0','qxoLXnOP4TBRVfUCP4CtCpDaQWAd86pWxUB79lzljsVQlXAP3Y','M2zrgaBtYDD9kUSE27Cn','eKKMSNrfyTECJ3tnuLDM6VmQC9FAFl2uivQp2vzVI4pTq4gE2W6szSxZQGHK','53.82169355107291, 53.21205296483107');
INSERT INTO customer VALUES('XhP4FzTa3hUF9QHje9dNnF3hRIZzH2dWLMIYYf6uD6T0odcrGQ','lQ4nFFSA5cbkzFKYcZjvMPsBuI0iSHZHRguRF2KMHqD7lSnflC','xf3xDW7fIuwRqVHtYltw','3geowT6DdteBZDZ4UgpyqlQJnkdF7S988124Wf9fS0odPoZbtmeB1X4hBWoY','50.83243270513279, 47.901336701482606');
INSERT INTO customer VALUES('j4wSKP2CpQ0BoyiNyKbdLmvp9LDuhuMZlCF5bc5bwYZ1fT37rg','IBoJvrMEC3qNBrrfVAwPEaUgzroJH1Dbmshvl0gVSUnq4psIPa','cx4Ixy21GNH7QgAHrbXL','Bri1jA9CLt0x0CEtbYluUsOjY0Xnt4UCyvOV12DKiiCnR1rGAc1s0rnZAscs','53.82169355107291, 53.21205296483107');
INSERT INTO customer VALUES('8wzMo6FyMg0neXs7crTkIJfryaUsYmv2CO58xCid5Gd5AejhWV','dw7MkbSauE0ch8P805FZlQmFDjJ9dzt1a4AzAmM83SgBGTMWJ3','yLGRqrWXnleVPELd5fdc','zciffEkqMrJDBs4GsDbybSdSE63D3Nbine7jSulHUaOzk0tp3gwopZHig33H','46.540515510985216, 36.489613452070046');
INSERT INTO customer VALUES('ekcTrHqhYQbLRBkFXcsN5nhBWdQ4GNLg55wTrocVTjcGhisbW7','OBwqz1aKQhyrI3JRzvbkdbGxG7P34KNgheKqP87BBi9R9sEFDP','MggyW40HmjPcGKCtA7gY','4JIqece5CbPBXpl0ebULo7Lmz6TWXDjgvhovszft3sM7GdcZJqRxDf6ho1wx','58.529912221253774, 31.823907543498095');
INSERT INTO customer VALUES('L6K1m1BRtODnMl0c4J7xBRiVbYNqxBLGup1lYkJbqzEoRAdY8g','DnSuBgZXPpnizrp9fn2bLAo8heSC2AGZTFEQXwuoPrhPGn3aNl','TNTiHBM0M4Vh3HU4x3Z7','vlrgS7BJj4yMecltggmXh2mYfSwSdQz7q8J0CkglB5IqFk16PtbtYgt494sH','58.50857449768206, 125.95966588023373');
INSERT INTO customer VALUES('q6rdUQxatdiHpdxGBdEghjNkxtIU9ZD21NJeFWjJrrKKjX9ucu','JSscWqp1Td99PfvEcW2qsoPrRurMbQaIA966FyEwjoQzBKlMiz','aMFtGRMOvAuaUb56SOzZ','17PHz5VZhnf0gISc77hp6RtIoHBATG4SOSSESslD89srvdAIpThjTjMN0onH','42.79722944968656, 116.0692676592248');
INSERT INTO customer VALUES('RpufrW3MGiNVdII3kkXXeOzlN1M3IdwPsVwVBgeoopfBCCXRl2','f660q6wzzv7obXBocFTD8wdSKn7Q3ldAvy9fR8J3pbhxqVf2lw','xUsw2dfxepvyhJcHDouO','tZsrW0zSXip1YfN9vBIcJXem5kqMApH2SUcVxBHHY8NObX1BzaYxHHtMQgui','59.47836919164335, 62.70612668185788');
INSERT INTO customer VALUES('PhSn0B0GxkBkF3cYd5OqtiW7Gzi6WQfKveZ0XAqSpKa4BLJQeC','Dfb6MjMsFncKNnXFKzdEtDju7vfIyRAN4Oh7z89J7sEb9RQjwP','uxoJerMGXJDWv0nmTHVc','3qmFFpnOnHg4EA355bWuoqwHneM8dagY7Z4o4CLGAFO0nlMpd76xMwn1F4td','46.768496248670736, 118.47903360800848');
INSERT INTO customer VALUES('ElrPQB6eD7Jy6iZrDlE7G8IpWqarM5Wx11MyLylKjwihXMJqsz','8120fQWlUtF9FjxpWONEVM91zBZ7F20ld78k19VKCGMhBTIPR4','VQWe62C6Zz85LpdwMxtZ','65OpXTjOd5QnAPsDZERRr8SNlGBh3A5ukd2PJYNWHSAfL5gZsUksGl2PgwiS','54.53034526332841, 84.97433474096974');
INSERT INTO customer VALUES('4AlcWwnPHmM87Daxo7zaMPw1mVliQa3QMmv0DvYWAMOctMvIjB','b00dZDihVdZyBiXijPSma9UlsGEmwWwepXup8yfSucsewKhYCY','RNEWFo4ZKq0DFWFRIyMq','ImZQscjbQHzNwhgUxz0RFyiQi1g8hbaHCCo0ayZvCWxKeTR3MknRRs7UJNd2','52.4254828368567, 83.32845015022089');
INSERT INTO customer VALUES('fzs3tEke8jqMskK5zBu1hpX4k4w8HsBRsohhk8lyhILRlB9xWE','gUJUD7MMrxAfiraQniuLHF3sPkIH3gjbjrfqvgIdHxRA8LjspA','k6fjd7HUfmqiAlztda5a','cqQsIwcDEnrnPmcx1kac2NsSIutPmckwNz8gecYL4kkoP1QrI5anGBSoufZd','54.53034526332841, 84.97433474096974');
INSERT INTO customer VALUES('4wgJ9hMArcOwy3PPJ8l23NXdh6V4WKna0n2zsQbKJP97ktMBKT','QEtGZxSkbQ8t1cmbG3BR0mtXuLTDgHEMPQpPm8BkwjdDqYxJwA','wwZMhPMhApD67lcG0FBy','90mHTPrkxrkmGSP4GqG3ycY9YP06yd9X7CNEQwyMRRlN95yafTcv5VvNkIlT','42.79722944968656, 116.0692676592248');
INSERT INTO customer VALUES('EgwgYWFEbFwC34B4ifTWVvksljCRfvAgoBKZnFYGjsPldqaxu2','c1d1oLM6xC6tNsvQPTSeb0u2VCk1p7CW0Lkj0dqntKgfO6B76o','QtO7ziBhZKQPrsByaIQ6','p32EtJEk54NLwqjqgKyynOEurKTOu06OYVgRlPJX721iii0vuhWKmRC7G8Yf','54.53034526332841, 84.97433474096974');
INSERT INTO customer VALUES('jiczhov9XVP3Gt2TZPER2kiVFXdUMBY8Vb6y6Gln7f4eYBxWgK','bRrgOZkUGaiWyrhpJ9esSzIeK9WDnlelA8juftDdia2HynxLrI','hGqRS73VDRJiCoS2hWN1','3nzUbj6atTAURmOTru6RSe6sVyTjddCFYVeoD9hoYLA556tK7snsmcmxpGfg','42.07525370641756, 110.73668380951648');
INSERT INTO customer VALUES('wLAhmc1nmHGbZecvvlaap2qGKcrAYft1xOOCt6IrIKIkPNmXzK','P6P8Nspdev1F7Soc5x9ZGMKwLSaglbvVsS5a5XR24CUWohPu93','Kmz6k8h3YEsNTHIEo7y1','VZp6x39sTe0b4Z3HBrxOFQV7NuL8PMFfo02O78BtxYrAWOil6MeHjDxFiX53','44.14251167304107, 68.9301880508315');
INSERT INTO customer VALUES('Yl5Jt6i9iyKsA3NmSKQMtwHUm1KHtJwtumVj4JroZdcnBL7BQb','ERGpAJ8keKrYc1vRgY97kpXxagrWpqCaQ8ellCgdnK24sQqt6s','nUHs58qmyM48UqPkJUZE','iMM1BJEt571xyZSC8UsUHNJhb0AdLmgP0sB5f4ywVoI6j6exkdQTUBBXL22d','46.82333488840338, 104.97721098116544');
INSERT INTO customer VALUES('hQMcwXh5Foqbdld2EiAKvDCcMeRmACJE3QqokOxqLhlleOkkzi','ejJzUlNSkCHonMnTNv2ejNx6OJc0p90UWbPC24oYxlKObKxkXH','oXlh8YiS5w8wkruKFP7i','z5w6sVN7dJBQydQI0ootFT6urjjxfJ6oQZrws8cwe0FQm42RQ4iEUZ64ibl4','41.0273375401792, 114.88915186815514');
INSERT INTO customer VALUES('C2Ikb8V9VjLuSYEVfDX5UHRWcdiH8hZBTEtrsvV2kMNKuOLVAG','YATMHtzREObTclHXqosQopeOY4QbVzulN5jszLedK9BhIemDWm','XLQbPkh3Nc7Q8n1xalFs','TMI5BsEX2MiWQKwcUCdclLKSrXa03OAbrEa9UGiNo0KwCAv5GR0qOUVRKDAB','48.35645209856432, 61.23398786715026');
INSERT INTO customer VALUES('BDqE2AWZCwlMFKSfeDcOQJSm0JrVpbZxjswSWDKXr8X4Yo8NrX','sGqRvfwAO6RX9gK83Arj83CtJ3bNGU47DzEoJ9xjXS4u7gdlBR','DJzRtWRhqdZkPQkDcP9E','oBt6LWNWbKHsEhlVgnbWE7p6iVQ83epQ1mGOgzjnTrtrpAmgx1OdJ0wZ3h5l','51.723700662944324, 50.47655563899663');
INSERT INTO customer VALUES('YhDnFa4uoxlvytY0egx3tVom7pp9GLvt8gTFPfd9zKRANB6ZKM','hW6WPHc090LUzYWnepxNAvRjvkxNY2nrF16L4qk7NtkoJ6N27u','k26SuzD4u0YS5UnsBFhT','Sv4xSmuqg0ijcGFqE53gil1qgVg5ME3xZV1jJv4SlhaH8hqDlD8R2aSfaJz2','55.95487499114857, 54.458973515888374');
INSERT INTO customer VALUES('mWDUoHrougdXX3ruvS5ugwnzEqknTo24j0f8RVAdZsmYlSfB27','X2PcU7dNcca9xk97rRVk9QiCrKnXW3tV8O27BtcO3VnbaQ1Js8','7Qko3iAn247McGoBq8d8','KIm4dM3btiAKvRBfiLW8H5NxZOvWKrrWyqEMeAOU91Yn8m5f5fqmhskb8FR1','55.70826345082405, 124.12642696734926');
INSERT INTO customer VALUES('Day7','7','77','777','7777');
INSERT INTO customer VALUES('G1L15iiWdjNfOzsiiNDU7G97yK2nleQVbDpiPc93c4kChtlEcC','Bzo1XrfD92yNUbaJo6CFLW4bppPG91idHjMbddIN0p1TBmMFAC','NirVRXkitrsNZ4dfWrVD','sSceVx6X1LEqmnPwoRJ9Mga9vT7DQW1ZMofEniUy9MlnVZxiTr6SkCydOk9J','45.460293827409984, 43.1382221386389');
INSERT INTO customer VALUES('vrs2Qji3m0pRFrkMW1ctmbS2rx7C9OIxsTsVdi3SJgroX1JeIG','rZ3ghHC9GAR8bdyjTcfsNgbCaB3Ny2eWC656MZc7R31m7wmi5Z','cBxDrmnM0Zu9ESZNqCgr','hlqJ9VOZBxZ4wSdh3S4l47yihl0UAc8rHKUJlZphbIhywWg7V4Z9cS8dVbyl','54.53034526332841, 84.97433474096974');
INSERT INTO customer VALUES('N4UaaFnHkeb8N42AeaE45UtXdC7R0xjalrZjKZjeOHzmCfvBEb','a4uicJxuRU5DgmMp9HXv9BtO8XWFPzYBjcyvwPaHFD8jFFfRkS','AFhjspIO7OlyQovj9RNT','BX8zlNmYng6rvPUuUcG8eg0aNeFIrd0Pt7IghmISUnrSvSbDZLayiObCb4WH','52.6796281015893, 84.35730433081156');
INSERT INTO customer VALUES('9qzRNiW91lL40CCPZ6TPD2DI1ffWCR1JMyTZMYt6lHXFcuog2b','vwj5s0z4NNVDfiiBmFMmPemRY4jUDQJ1Dt8jA2Xv8qzTGlZWNV','y0U0jbFZOnbsdXJUvHfa','FmfpOfysS2Lnvwsg9cijFow1OMQFIQNszWCNuwz6AMs40h0qIYcZSUvqbfez','45.460293827409984, 43.1382221386389');
INSERT INTO customer VALUES('3BnRzQ66RM6ViuqRtPJmzRR5okUSYNZX01fD9HZdfIijEF2zoH','KIG9bzukMMX0yl0YC8ROHfRu5NAqd5Rk1z3pazDnS72eHkg9BE','wfxx1B5T3N6je47idGib','MmT0J8cXDexDhgbaUN8sbQbYc0oBnV7nI04WrAtb3XKZgBNcMWWYegS4lzwp','51.5172248522533, 31.34587590323587');
INSERT INTO customer VALUES('6LXVm1MpWmRfrGeAnlYxk8ajhM7yElNKoOhBDnOsiYBlVu0aUL','gzFw05ECDbGZvmfzQacwCDewHUPxJC9Uk0E2b4aH8x2Vczj5Ec','QHz7cTQNovnBWncnYXWh','cIh190CWrKGVsadOj4AlTpXnzDcnEJXXL5IrCtkiicUAzyMvIY9dKtoeNe6Y','51.91518079239458, 53.551894434850325');
INSERT INTO customer VALUES('R00isBCngIpGLwuThM32Hd2BzJ16OfDdtlhSPuBRUcnvyaXTLh','tlp6eavjRpmXBrN7p6OEUDxTgBRtCCTc4EjT2sm97jAtU20R1y','xDVa4UZnAkpGzoQsd4Mc','FIfaajFE4TP200rgHTZpfjbeYSgB8T2cCuzqus0Qqwn5oU2oenv09euIEJMx','48.35645209856432, 61.23398786715026');
INSERT INTO customer VALUES('oub1ivl39qCKVtHmFVoLDq8hS9MMvCisJdTcIzsdw3euWRE1SO','RbH6O1AqsPEyKk4WXNaWpFv7LmfuyJUNU6SQBrnnR1XJiJ1rNn','Sbbny29KE0JGqUMEdasi','8wpZty55pJTSDjNt4t8ehicbOWdld4NWQYZr8rmWYR1uJYxbTzZASdXmcs3t','42.79722944968656, 116.0692676592248');
INSERT INTO customer VALUES('FSDcD3gVRlt9JASFAemmeSfC3s0Wfmsgcqoqsodf7O3yeIPtGM','1cbRCD6i9krXIYuThJIyYnT6y6L8hLUiGZ94hvPWRr9nC1SSzL','r4JiG3hWmyP9bis0JNTr','QNrSBdDgGf2B4aTNPBkKRES8qxUXw0ByEY76m8eUerMF5Uee8newhmBXOjfq','56.029613890839556, 55.77804222488672');
INSERT INTO customer VALUES('qL1dWvN6JDAPC3pwV8VPbFr6OyIxImCvsT4VY1s9D44Khm62go','W4YWKHaspzzDFKNz45MppsWl6SiNgIhl7f4tyMModbTxZvON2Z','cyJAf4ZfKjR5kOOJXnGb','pOZRotFRE8BKCPSe0oNIJ3Q9Gus2BmSg2NRpHx5oJ9t1HnwzJafAYaX28573','56.75934399765778, 95.55097411113134');
CREATE TABLE workshop (
  WID integer primary key autoincrement,
  open_time time,
  close_time time,
  GPS varchar (100) not null,

  foreign key (GPS) references location (GPS)
);
INSERT INTO workshop VALUES(1,'13:32:20','10:22:51','46.82333488840338, 104.97721098116544');
INSERT INTO workshop VALUES(2,'00:01:41','11:40:24','44.14251167304107, 68.9301880508315');
INSERT INTO workshop VALUES(3,'12:42:32','11:41:40','51.91518079239458, 53.551894434850325');
INSERT INTO workshop VALUES(4,'01:02:23','13:33:34','51.91518079239458, 53.551894434850325');
INSERT INTO workshop VALUES(5,'11:34:20','10:52:20','51.91518079239458, 53.551894434850325');
INSERT INTO workshop VALUES(6,'20:03:20','21:51:24','51.91518079239458, 53.551894434850325');
INSERT INTO workshop VALUES(7,'23:24:23','02:22:42','56.65368768652546, 99.5249670388152');
INSERT INTO workshop VALUES(8,'11:54:22','20:10:25','55.92713210652276, 127.41782774815988');
INSERT INTO workshop VALUES(9,'10:03:52','13:55:15','51.91518079239458, 53.551894434850325');
INSERT INTO workshop VALUES(10,'21:21:01','20:51:12','52.6796281015893, 84.35730433081156');
INSERT INTO workshop VALUES(11,'00:52:03','03:22:25','50.83243270513279, 47.901336701482606');
INSERT INTO workshop VALUES(12,'00:35:23','10:02:22','50.83243270513279, 47.901336701482606');
INSERT INTO workshop VALUES(13,'22:34:55','21:40:00','42.79722944968656, 116.0692676592248');
INSERT INTO workshop VALUES(14,'00:02:25','00:20:05','50.83243270513279, 47.901336701482606');
INSERT INTO workshop VALUES(15,'20:51:34','01:13:24','51.91518079239458, 53.551894434850325');
INSERT INTO workshop VALUES(16,'13:44:13','11:22:02','51.91518079239458, 53.551894434850325');
INSERT INTO workshop VALUES(17,'20:13:15','22:21:01','56.45577758366875, 53.16160164163003');
INSERT INTO workshop VALUES(18,'21:42:55','03:02:55','43.693638226958946, 109.24191414036763');
INSERT INTO workshop VALUES(19,'23:20:02','03:20:54','55.92713210652276, 127.41782774815988');
INSERT INTO workshop VALUES(20,'21:44:44','22:41:24','52.28037082107568, 112.02993360721827');
INSERT INTO workshop VALUES(21,'01:02:55','11:00:15','59.74936962623898, 67.10156124611359');
INSERT INTO workshop VALUES(22,'21:31:22','21:43:31','46.540515510985216, 36.489613452070046');
INSERT INTO workshop VALUES(23,'13:14:23','22:15:23','55.92713210652276, 127.41782774815988');
INSERT INTO workshop VALUES(24,'20:13:13','12:53:35','52.28037082107568, 112.02993360721827');
INSERT INTO workshop VALUES(25,'02:05:10','11:55:33','56.73829074827192, 86.73255491192384');
INSERT INTO workshop VALUES(26,'01:40:44','01:34:41','46.82333488840338, 104.97721098116544');
INSERT INTO workshop VALUES(27,'11:41:35','13:52:53','43.693638226958946, 109.24191414036763');
INSERT INTO workshop VALUES(28,'21:14:51','21:11:20','58.529912221253774, 31.823907543498095');
INSERT INTO workshop VALUES(29,'11:12:21','23:52:00','50.993755141506014, 124.10910050591247');
INSERT INTO workshop VALUES(30,'03:40:01','01:43:32','58.529912221253774, 31.823907543498095');
INSERT INTO workshop VALUES(31,'03:24:42','23:02:04','51.91518079239458, 53.551894434850325');
INSERT INTO workshop VALUES(32,'11:21:22','10:51:32','43.693638226958946, 109.24191414036763');
INSERT INTO workshop VALUES(33,'11:20:00','22:40:42','59.47836919164335, 62.70612668185788');
INSERT INTO workshop VALUES(34,'22:24:20','03:51:42','45.18852858765042, 115.87616023257117');
INSERT INTO workshop VALUES(35,'01:10:12','03:52:50','51.99238411918744, 58.13614818962774');
INSERT INTO workshop VALUES(36,'13:54:23','01:13:55','53.82169355107291, 53.21205296483107');
INSERT INTO workshop VALUES(37,'11:22:50','20:35:50','41.0273375401792, 114.88915186815514');
INSERT INTO workshop VALUES(38,'20:02:42','12:34:00','41.0273375401792, 114.88915186815514');
INSERT INTO workshop VALUES(39,'13:40:41','11:11:21','57.28807129067428, 81.1761864430708');
INSERT INTO workshop VALUES(40,'23:04:10','20:13:51','56.45577758366875, 53.16160164163003');
INSERT INTO workshop VALUES(41,'00:11:31','23:14:43','41.0273375401792, 114.88915186815514');
INSERT INTO workshop VALUES(42,'00:05:41','22:23:10','57.28592940410246, 123.52418219221055');
INSERT INTO workshop VALUES(43,'02:40:52','13:22:22','48.35645209856432, 61.23398786715026');
INSERT INTO workshop VALUES(44,'02:55:32','00:52:32','42.07525370641756, 110.73668380951648');
INSERT INTO workshop VALUES(45,'02:31:05','02:13:12','46.82333488840338, 104.97721098116544');
INSERT INTO workshop VALUES(46,'22:23:54','03:10:51','48.80056269421316, 71.79932149196034');
INSERT INTO workshop VALUES(47,'21:01:11','12:43:35','43.49969642681321, 61.1010204126736');
INSERT INTO workshop VALUES(48,'00:11:03','23:53:43','49.84575950851078, 114.0718706270111');
INSERT INTO workshop VALUES(49,'23:13:35','13:02:33','45.460293827409984, 43.1382221386389');
INSERT INTO workshop VALUES(50,'21:31:45','23:20:04','50.993755141506014, 124.10910050591247');
INSERT INTO workshop VALUES(51,'06:00:00','20:00:00','50, 50');
INSERT INTO workshop VALUES(52,'03:40:00','01:22:31','48.35645209856432, 61.23398786715026');
INSERT INTO workshop VALUES(53,'00:23:45','20:21:23','43.49969642681321, 61.1010204126736');
INSERT INTO workshop VALUES(54,'11:52:43','03:32:52','50.83243270513279, 47.901336701482606');
INSERT INTO workshop VALUES(55,'20:05:30','20:41:22','57.45251979637082, 123.51002404295144');
INSERT INTO workshop VALUES(56,'12:03:24','02:03:45','57.28592940410246, 123.52418219221055');
INSERT INTO workshop VALUES(57,'20:05:50','20:03:41','54.53034526332841, 84.97433474096974');
INSERT INTO workshop VALUES(58,'02:25:20','02:54:43','50, 50');
INSERT INTO workshop VALUES(59,'23:50:52','02:30:23','45.59699696164298, 86.5032454713676');
INSERT INTO workshop VALUES(60,'23:05:00','02:04:13','52.11087767316789, 71.96156993442898');
INSERT INTO workshop VALUES(61,'12:52:23','13:54:52','59.84949973554245, 74.67086888108241');
CREATE TABLE car_part (
  part_ID integer primary key autoincrement,
  part_type varchar (40),
  car_type varchar (50),
  specifications varchar (150),

  foreign key (car_type) references car_type(car_type)
);
INSERT INTO car_part VALUES(1,'mX5SICw3M1iwtTQadHKWq7DLiDBf7xQFLIIyK4uh','HdsXDkiUnFTKrtKnbrCE','7R0zerLDuXvaX7aFVTJTSD3FMgOt26O7Tn9DfZMOv8nDOLDA5Nd5R8Ex3X5uSpmrQL0IsLi7Q5Na0tzDovWbSBljYm1l2HgdKdON');
INSERT INTO car_part VALUES(2,'GxQdvwvdfczP3Fn0hRAESidDSnWLW1c7zC78bJvh','2M3vTY376GvveyXs0omY','bEjYhNs7s8FKivQrVOxgpC33HIMuUF26L7eFl6zOfau0KIjUwuxOm1oh43d9f889OOnThdeASMWuQ17WGTmK5lBeswondNLt8zdi');
INSERT INTO car_part VALUES(3,'cF7Oo281MjtFP6A3ld0nZwiidKKVtqPkraR4km3C','YADhdciPDb8xSRqJSLZO','Zy21zTqx2A6HbG97bVcBnSVqUHNPyxUuEngQm89OB2FlNIYEuswkCYhGEsFVTLVqMrmHfN8Uw3GXUeMfllXMcURW6kJzQk13yr14');
INSERT INTO car_part VALUES(4,'Ig5NHBFnzmqSzYvjlnntooT9EH9uQXIElJQmJAUY','HdsXDkiUnFTKrtKnbrCE','FpfATNoV0jaPE3lk3NJ9KkkSj2PIxnAOX3iDCoT33881FvclgoRKtsQevpWryUf4iO7gVyZflARVfmmkLdqS5rnlacGCCM602ibp');
INSERT INTO car_part VALUES(5,'LFgYfvuggS8gXArlEmBv0wGKAcg03TqYVKR2DKvM','YADhdciPDb8xSRqJSLZO','bFMWKqZXTsy9gjWQfC06kIsr6twOqKaECMmr1QJboBDk6fTC9ldWHNcaad4spW3n8Fw36iSTJtPCQbbWTD31AXNxXuDYX0gd01h1');
INSERT INTO car_part VALUES(6,'PBzDAEz2j3qg00KR9Nt4x0TWoDvfQ3ezTRa3SSAz','HdsXDkiUnFTKrtKnbrCE','MzJ8X3DbzHSd8uXPJVCNxIJW2ngmeCJOjYS5DtR7zEdYUCHO6gC8XcBYZdiP54fZYWj4rTtJPwHQFCqSBBPnAnNfgvQxhhgR0m2z');
INSERT INTO car_part VALUES(7,'GDNVAgFp2VcRvzAWv7KB3HzNdnERQNoFPgIfIE74','2M3vTY376GvveyXs0omY','uJajKozk6jEXk2IcdCfCjGKn8PRGtle0vlS70OgNydOerJUd66tRBqZHpi1PZ0wa0Hd5UdZKzjsWbqoGywMKSEJILzzdmaP7dtXV');
INSERT INTO car_part VALUES(8,'7jdae2PsHnovCI1XTFvWNu8H3lH3KIjzwDxpT1WZ','RIEB0ZmCmkyeeaxxd7ub','ZceiwIPJZMLaDz04Z8tpCRLW730tfGypTYXuya3vwjYaj8wrPFYuZEzC7bHOnuErqstFj290RnRiy8eAlg4J9v4EpVIeuiqONfMR');
INSERT INTO car_part VALUES(9,'78eHbYbCuFMCNFNXClPaLG1PCp2DDIJouhFsWsmb','sOODQynFT5IFD9NrpfT8','j4la6QbTicHX0VXUuwWwszOpug78MDbgvoxBEQmugMZ1l5FYQu6blRTOQOhj4ndyuzlMpqyyucQRbFzTnAO8BhvROuyjMtfqissf');
INSERT INTO car_part VALUES(10,'VOsgh3F0RMPXdVTxezenNJqPtHoflLFUXpyfpbRh','Ky2Sma3Noe8o9Aips55b','qGvbyMeltmXLjH8A7tz3gqBpEMNGoLtYctPp4rUCOlWtIfo0drgWCkH8Jn5xkWXiKX6kLSoQOtCX4mec98I4IPl9zip52yfTDRGo');
INSERT INTO car_part VALUES(11,'Hh4nkB4mrw8re1kVHaLOaopK5PU6B7b1m5h3Ijmw','2M3vTY376GvveyXs0omY','3Q5Ndv7NYOAi2yS4wBqBabm2iFMLhwWwUgJpZypegTL1WQsyNC5Ols2uweUeWCBHiTu94qNfKMIABXw3Vg7TsZMhTTcWUb3Q65CA');
INSERT INTO car_part VALUES(12,'FE5JmdSlYIBoWmXdMlnZeyhiPdaqICYhYlrhUJdV','3X6MZGFjkPMTmFy5JK5a','LiCrmYpHxYfDEjqqjTVcZceo45giO4Noa1a3EV3wcevnql0kJL64IMIVOURJpa6ta82vjIj0o2CuCgUj6GaPAeGEH7ToAvXd3rXF');
INSERT INTO car_part VALUES(13,'JQDf9TD5COpiMqlbnvXoWPKUwzB7IvOz1ByjfoIP','HdsXDkiUnFTKrtKnbrCE','wO50vmvHBAMq1wFRHSFA96NDNX91g0kHMLllTm7HYzet9K6Pnxw0j40IBUfQKImWJ1Z7SsECnCnAqirzdrHuSxXIu47GKmxfdt77');
INSERT INTO car_part VALUES(14,'egahAr340x7eXGq3PeC8Tl6zfAfH0n7T6AyPD20V','YADhdciPDb8xSRqJSLZO','A8N11QcYo3ajGs4MjIlfcGvppkAd6V5nzPtqRQnThd6p0SGwVWJHwTCjdnZTtPl1UtvnfiKEDawCcnUkNrb7EITRJ1JkjH4BIe09');
INSERT INTO car_part VALUES(15,'7tCwt6tyDuoFTTo8Zjc5RKhc2cEgsj2Irp6hFJTv','zZt9YyyYbORLk5hkNozX','yz77AT41kQWASfyDqQTDkfHSQNgc9CClkqOXGVJFDHqFIDbmnUfuTs57Ro4u29IeUrxKWrCgxibpvAP6KlWpYdS6iswljcM0gfSD');
INSERT INTO car_part VALUES(16,'CP7GgFvHhGJKA7H41Mu3HUAGhWHcuBGKYGsAgRqu','5MPRTG4Dri75pfdR0l6C','Q9GaH6fqJDK4nEnAVeiVQ2tl7DuU9cSvhdE2VR6hZJxOa1yoOJdrNHxrrsPOM05qxuJ0IuLt3Ywu5N3cw7cjRg86s91lbLLZ7b63');
INSERT INTO car_part VALUES(17,'r9ktESm8X9ipf6pBasPVEHFPoNoKuClCJiJNnOoC','UkLKFz402lNQoerRm7sQ','d7tz32x6m7RLbJR9HZRdnRfoIzMdZgicgtx64u7tUZ5xW7Seh7vPjJQmNUpgYxmATF5ovTaSZF9Mpd6mpfV0V571msGz6JBaJ8TR');
INSERT INTO car_part VALUES(18,'3Q68HeHXPqqeRV69Kn5GGRzeQ5HEYD68ti63vrYL','ErTwIDBqBUXxDSDizQVe','rcdjbmMTeX62v0hJQ96jSJKWOPHRFKi7GjdaYR3XM96au7snVjQGjY10LK8p0vCNKNJudSPhro5hTE0LuBnjw3yyR4i10CfTR8jZ');
INSERT INTO car_part VALUES(19,'bNMU89X8934VeWXbAOeCCYuVEv0xN4zdwrgcxJTj','2M3vTY376GvveyXs0omY','FLf6jTlKAOjdamkf3m6QQzuY4CQPW5cjgUL3tTnC0zPIMe5anRqfu010ClQylR3uqnteDLxyzyCDMmrYHcJ45sjk6oZYTNezAkPI');
INSERT INTO car_part VALUES(20,'eSOYiicTICPG5HG0skSkUZzQ7SXxQVCaxfhm0cQk','3nCV54WosHHvsVYi9Dxg','0k88h1w4e2kD7LL3HXlQlHi3OqWzeayL2sNgYzKpV8Xk0unykIAtlIfv2ukxaPw3ySHutKAF1na5JhCPlfgI9AODQEFYURz22aVX');
INSERT INTO car_part VALUES(21,'FNdjp2D2tTAiVanG3l1dYCndtHOinQSllSY1UUGg','52FIm9bDxFzoz8SAA3j4','WCeGN6TvOuXS3hmXj0G2AZknL83JJfScWmYaE0HiS9hiQziGIPYj7udB7sFHTdxTFmJRzhnoUWvqrc9XmGNv8CNZvQMsKfLbJQc5');
INSERT INTO car_part VALUES(22,'rGlWtqKE3TAUFycp2Ns8dDwxHcEspwPUVl5DL0lg','n498U2AacCrzroIUSFRy','Tyw5EwYQmJKMGEtyBNbWxGEIl5xYWKWNzsFdksemxR9XSgXH5NNQIYPlUHUSZ0RnKWXbfNqcyxGN90BSbQj3nPkMVZT0XPYZMHJL');
INSERT INTO car_part VALUES(23,'cyrOXCS39wQNveanYMQ0Sxpn2evv7fCRo46HgkmC','3nCV54WosHHvsVYi9Dxg','l3FbA5EbRJCgnfXt19RPBZALbdPmutlcWtCw3cvhR1aw1AOpXi4klcAaqsTCvoiyhBfZJOcHFMYXB5dcOZnt3PGgSIWpINfjOQ47');
INSERT INTO car_part VALUES(24,'8wKc00iI95TGPNx6QuTCooIxgXrUf15ozuWMUKvC','2M3vTY376GvveyXs0omY','hisI4qp8r8kW4l8np0JA5P2atVnFV0prDFGkbskiCNh5x38qpgicBBz7RVfra2BnFU4UGkqgdRPzHFfJRPGWHBRIwuHlvTnPEbyM');
INSERT INTO car_part VALUES(25,'MROuLpImzHczN4EZIEXBocHfFNV8SUX0wBMWGnMR','sOODQynFT5IFD9NrpfT8','mqJX2otPUqaLBIkYyMzvNaEJ8GPiIxyrjHF5byE4j7Vw9Ol8dJ4K5DW6m4yGCuHvwjdl8GRqiZbkF4OCV3hPQccdnSO9g7AgElBb');
INSERT INTO car_part VALUES(26,'cLSGcyRHdaKcFzmchgHQga8hdwX41svLlvVSdQXu','P5bFCkPwxNBfMc4G8PQa','uOB8rammxujPZ3Kr5RoNRnPZjRuCSWeLY6J4LCI3Z8uIlMxXsXQabhjYw43im8o3cujskVhEyIFHN5M6OVMsHaWH0WgPhRrN3kmY');
INSERT INTO car_part VALUES(27,'07mHBvhf2mjQdZJwUHXpvz0s48DMbbICR6XxVzMo','UkLKFz402lNQoerRm7sQ','bXupnhnWAbnRJ4Trzn0q5aA11J6AMfeyTE676LwRYbvEQhZ9WZp6UKOvbHV6uaaGEFQykUySs0GSl2OkSg6aFeJQYa84FyMaZlQG');
INSERT INTO car_part VALUES(28,'Sl1kE0ucQFeuARiRwcWEfFkfH88pImtZgQE1j4tP','59t3y2rWyFRt5aCwnuOS','wGs2fKdbtXHJVs2RzHCGAr42in1JVAfnbsEW27BKMEgO39o9tmxD5IodSRCkVoCeTmMsiySfLefCPts0IjMQD4wbLAAfcqPwUeM6');
INSERT INTO car_part VALUES(29,'WjGLyitBLEOs8K0tzzxjVf5HYmupA8P15M24Z7a7','59t3y2rWyFRt5aCwnuOS','iRNeF0F9yPOYh5SbIk2i70Cop89Yp4q81r6veNRZqFfTQa1Hzuhh5Lj8TDvE99pqBs7at0LbCcjMohrtOgCYbb5uC4C5hPrylx0i');
INSERT INTO car_part VALUES(30,'zp5KnG5cH1fQUc84l6bf2OjwQGrYUzxEFdAt407F','wvufO9cYQN6H1E6VM3sF','DgLP9uiQKwGXJoEHpMmV0hghoMlB8z8xu5HhnKNm1tbY4Nmky1EKk3dqVR6S43MJfTbzYjRUBGOVNVoYTuiQ0bu9rx71kCo6EFJw');
INSERT INTO car_part VALUES(31,'7ZQbbMI8dpzWl9nngCgeFpF3UocKH2YKZ5lMRFWj','sOODQynFT5IFD9NrpfT8','kkCcPN2IcFGYgoGnfrpy8tGxbY18j1qFHEcY6hpO67YdDtuwpGvhgd8QJrqt3jTs5nacDM6pwvnSU4SNgrPexDAquyaY6b5PvF4s');
INSERT INTO car_part VALUES(32,'HnWn7WlOq5MuhkUZfPOWbMrcrBzU8IWPg4eBcqM5','UkLKFz402lNQoerRm7sQ','tNVSwYFrNpKCu8HFi1AjOoFnk2V42zQQ5jbJg9YbbscTBgcbCfg7IDtbaM4FM0MsVFoXaurvlzxA5MfOTxaNtlUI44x8BURQU0V8');
INSERT INTO car_part VALUES(33,'1mW5hbSu21vOdWbOYAYvDYNcRfQR7xxFDwwBBBF0','5MPRTG4Dri75pfdR0l6C','vqy7mXiDagSJUlcla16RFSSIWHdRO0zUk8u2ywKbKI2RbSPSrCfz7ftbP7nx7minD72Pkx6Q3sQRD6idQqkYa5zz2CYQ8ZGg0Pjn');
INSERT INTO car_part VALUES(34,'8nQSN4W5bi3RserNfmj2mJopH8k8giWXbAKH3DDz','n498U2AacCrzroIUSFRy','YIkgTmAXWuxGvsBh34Xxjw6OTzBc1zT827C1BY5iysES1YlBWYyp5ZyiB18UyzCVmG8sUCO5KVTQGrlzNmJwJGJ5uhujxlowVOEH');
INSERT INTO car_part VALUES(35,'rkpWi70tiqU8rqs6QaI8S4WQK2USE0v1FJZbP2pq','n498U2AacCrzroIUSFRy','egDAMR3VzGlKDMXElQ58i6EhJ4fTX7A6OdAYCYBXiHmfXJNdAeNyB72ANyvVOlfsVvyDFSxrPHVTBi6DRObVemgvyKsWJoHW1WvN');
INSERT INTO car_part VALUES(36,'hTUgQ11PYUrghTLLe3MM6AXOYNgS24bTxbAuhoSs','3X6MZGFjkPMTmFy5JK5a','5QbV4VkV9ewGYFq9xacnKXK3Qh2jQ70n4c2WApUc0wGC2sqALSzboLpGrVU3FwBfIGTmEebNA6W1vJUb1nTjGEMxwxOmgdkkRMav');
INSERT INTO car_part VALUES(37,'uEDvLtOmZtOmYwbQnZwIMvqcI4XlfKkKQleKzQGb','YcrkkGdM4SRayQXwjObr','tndIcnJ7EOtzZbrbfesO2NZvQdc7bbriq070PUBc0V9dndXEPBxFllVkwvs2NmRGN3hu9JoZMzSWNBLkQcwFlT7n3BOdYoxUzBcp');
INSERT INTO car_part VALUES(38,'C7DUosuk65KxhFXawYZG3VNhCHQ00bCOlydQ6KzH','ks9JpgguTJ37KcBE24a1','UydK9SCxu4GtuMvZBUJlukhHN4YGI5iCGyrsLKA0DCe3i8rsH3CTtee0qqXsfCmc8KiyW2m5SATBRVhR0dmOI8qs4QxmDlLVpdzv');
INSERT INTO car_part VALUES(39,'8bfrcexoB3vxVUPk8vbYhRdSdfiDRhJPHP6g6oO0','2M3vTY376GvveyXs0omY','vsrZ2hBBP3um6sO2zyujyZWiIfhSuh68p6LhHdh7dxrrkzqlbnrxEctw9nst30rLjiS0UakHi6aN6wxX658syaxTn2y62OHzssV2');
INSERT INTO car_part VALUES(40,'qx7j7anMTypIiKEuoqIifAjAdSWVDHhM413OjCbv','ymMANZFqPot64iAQ6roL','YZYW4tb0PWnUgElYE0MDj1uMsx6g8gxBaif9LC4sjZMbG5JvPIMdmqR5hXDRAKALpKGWfDZgl0LuRNIxRX3HXQ5rbxwZEe9aUwRe');
INSERT INTO car_part VALUES(41,'kdOK7LIMphRZd8vP2EE6XZer4iVZsuLTse86bsfn','rsiZHHV4yJ7CGCsMkbm2','ZQ5NC37OAPk3rAqnN1OrnJw1PhQ3tgbfxky6v7xhPLFjWp6PCqYroqSju5C4QnMITzYJ2NHom07eZHgXZEZL2WhwhSeWwxDbEElj');
INSERT INTO car_part VALUES(42,'a5q4n7iMZ4GCqpnF2n6QX1GauMWEgzLHiExhZWpp','59t3y2rWyFRt5aCwnuOS','mCUqJJPwritmMKeAazJk6j1QYadvZG5jpXrCOCft2joGQmFid90zCuITDWW6hF0RgSHmeDMGu1QkkK93YbBXcyggqm1pKEVLPm33');
INSERT INTO car_part VALUES(43,'F1NVNf7ELEXLNJJXqUjOAyvypSyly76tAUNwKL8R','k5uTePwjxzFBPtQARBhg','rpF7hM4jclx2l0IO5685d2X4jXOJ37EK7nebqijcDm16FMMH7dsW0YYDLtx8mFxx4Wsyc9OE1UOazzhM7pOyexe0ItrvU3TfWOGz');
INSERT INTO car_part VALUES(44,'vRaMHqVOhB48VP48KzSzOGso5UTVWtfrI3q0coBG','KJ5R7c0Ywo7RN8IWWuwv','zFxJ2G0H861HcnXZrmrg58FYdzOGDIHe0Ap0vLKLfphbwi4clpEiOF4lDp8rdXh8mKBkwQO7i0myg7atMY0ISo29mK4Gtn1y3GkR');
INSERT INTO car_part VALUES(45,'9HZDsqRVMg9WhRhzrKMJKv6rlFmigjxrAKaI02DH','LZGoXuXdYxZUxEGhtZqV','wxILpODtTHZg3bWi0Bz3LfQyB713mDTH6Y7Jn03W814BqP9ooWklMG9cs1uImb9Ac2JJZdK09PICk5KLn9Xtchy8IaMUmCJXanoj');
INSERT INTO car_part VALUES(46,'1kJsv2sunmruoXxY9fNWDjyQCCtHj4Jrq96QOkyC','59t3y2rWyFRt5aCwnuOS','KOhJRqNWOxrBQpsC1Z1VrG1H90Kqjg1H3sVH9EtrBP3qZdhfUD9AcpTPIqmbyi5IMIgBOwbu3Y5wJHLOBNCqJ1Kq0toBqZzolU7P');
INSERT INTO car_part VALUES(47,'HilzkfD6nK4qFZR5gV3oJjgdFPbjEmcWcnsEW8MU','RIEB0ZmCmkyeeaxxd7ub','I5t39SBxzVeylbcoXiROAIzIz6dRagiUHYxe1JtggdrgK1EfJCmzbIXiF3CbpzdFlA8MQxRNqHi8gq4vHTSnu75ssyoLSrDaqGGy');
INSERT INTO car_part VALUES(48,'mgZ0HBMlMD7sKWgZbdlbudw1mrIzJ1iWWVoHPnkP','k5uTePwjxzFBPtQARBhg','7i0ZbtJBqEyz8FBzAROUBxK0Ete87eTXdEL8MBY7fmWDiazPaIPFr5A7uSktHjwVgB28Zo1LcwwB5YCPeep9nRZHEl8gISgYA44r');
INSERT INTO car_part VALUES(49,'WMvS9YJM1JAlktv3kTMPsPZ5NDGMziNYANvZbB1m','4W6kxe4RyNGLXUnOsji5','KOHXbhR9Y67bylpAsBr0y7ZbtPMWAkYJH60oyAvDimA4JpDun0QVAbYsbs5dKJW5fsZgr09N1tQ0PuOxVsBqgGxTUhNz0IGzVUxH');
INSERT INTO car_part VALUES(50,'3W3xCj7bsYZwlxdhewQT5TRthqbQ7nYcYZKnluQi','nuGI5rclKPnXknd6tFh5','SNoEzE3vaIPIojg97tYkG5hEcabDG7qh2KiTyP7kJOEbFEzxIBQ2wXFdqKNNjTOIZ0fZccigClIu04lRfJD0VSQ7rvsy2Nc8qch0');
INSERT INTO car_part VALUES(51,'part','B','spec');
INSERT INTO car_part VALUES(52,'0uaECULsMwi5WBMU27Wc9kJ6puj0M0iwiVP9A6Xu','4TLd7oI7ugXxCgMnBvo9','OHjA6KKXzbB7CwssNYoTJzXOhqbeVwgoOYdA4Kcb1YeIFvNwmg4MtCP6pUB5Gb29oXcydlE38XPTTQ2QcFAfcNnadb0rZG9WzqaF');
INSERT INTO car_part VALUES(53,'ZyhXEtwVH17oPy9D8i9rAOxTGsNcuXd81dK5qIz9','59t3y2rWyFRt5aCwnuOS','gUWVtrgAjz2KtYEW92nhI2gdA2V58uEq6Ajf82lgteGVnKnaP6dBFzdOIS4o18qDjc0PtJxZpiHlNZO4ZNGY5cBBAFa89n4Rp8pq');
INSERT INTO car_part VALUES(54,'P8ulw9GlCS7rEq8JAsm3c1fOz8UNnFTWwqTrbrxK','DwA5DOC8JMoGbY7ebFqu','fi4M6tGpsBghCJtsjqEYgcAUnUktZhP7IEXaNqd92SjqZnroET8e9hGxPn1uuN9yySkjYsuO132ZYb6AXd0FoPpld9yhAdcaD9tU');
INSERT INTO car_part VALUES(55,'fgy0pSMqkSykVRS0JBlsIlZh2CDxnQRvzm4zWEKW','zZt9YyyYbORLk5hkNozX','3KyA6PnCEGuIJGojUpYLvxbLDX7p87icZa9W7sFWU0PzJ9JpeWheYw3vcxCaO5Wt9jRmKnRswSnuOrH9UZbRdTWu3qimRjuGkiFM');
INSERT INTO car_part VALUES(56,'H6efheu9Zra6gFvR7Ve9BJZm13IqXrCBC0NcMSmC','73nHk2nEXMCCNbwQekhB','0j41tYCdbiq1VB1RfPwlQP0OPJo4bae29gORf0fSlRLgdjA96Bhv0r4OEtGxT9Wmcr5dFVY2a3M8KZYF7cR9kJnjsQ20KUelJLhX');
INSERT INTO car_part VALUES(57,'GCJ7ZaI2WYl5NrGCx3miWv93HwVTdzxIcphWy2ER','nuGI5rclKPnXknd6tFh5','lpvt5WELTbrxBCf7Z3YjN1IEwyFaavI1yAZ27CYUgfI4AioD322dOm7X1uMbYsIcySW9AV33LxtwvwTGow3lEnsj5lV2MOE1hYF2');
INSERT INTO car_part VALUES(58,'SUUzM74b0KirxProrodoIYxQRA1xuzg0HCa8Imf7','w7B1qq8u6nbjgTjjUQjM','ggqOzWuR5JbP3QhT4LDNjzboWc7MbfUFU5VHfOnRZqCVsCJK8e8YJBhEt0TqVqus0shpR8iCWIW8w1aZ7bjNsAAudpwsSTABIchQ');
INSERT INTO car_part VALUES(59,'naUB1Lbk4HFhfJfthgIzBmIpjGp84nlO2TYkSYom','2UlMQEQrrWuT0pd4CEO1','OmQxqD5g8mGFiz5nedFjKHkHoHRH1Vca0ytRAaqbLB0pnK8zQa6YOnkORTOhVTIXjqTMjb9PGds2yi0v6GUvbiiYRUIKUUPRPDsU');
INSERT INTO car_part VALUES(60,'RaAVH8kbewmpY5KLrEPNO9qoJ1NpOEuWmGYXohJl','QWTgiCJp3763LsiaT4dX','4nbFOtNgeFozHWPNBR7pkNyc7thayvLFOFy3bPlREkUnPy3RENuR3hIYNai1ZrfGFMd4NKzAh7Ma8AG1am6Pq31QScwQbamGy6VR');
INSERT INTO car_part VALUES(61,'SG8S0IEiGDolk9FeDKmZZDBcGjdEm9a9M7FG7fMs','FGYcz3WBLoRso361YAes','DW7U2tR07N4IMhE1dWBRt1BexwRnec0RKNtzTeW1ijtfVFYLvfWLU2Jrd3cgnyTQymvTYhzAzfFwjsbfCfdYrDVLfHbwyFEdb2g7');
CREATE TABLE workshop_car_part (
  amount integer,
  part_ID integer not null,
  WID integer not null,

  foreign key (part_ID) references car_part (part_ID),
  foreign key (WID) references workshop (WID)
);
INSERT INTO workshop_car_part VALUES(5435,1,1);
INSERT INTO workshop_car_part VALUES(8899,1,2);
INSERT INTO workshop_car_part VALUES(1915,1,2);
INSERT INTO workshop_car_part VALUES(145,3,2);
INSERT INTO workshop_car_part VALUES(9691,1,2);
INSERT INTO workshop_car_part VALUES(7100,1,5);
INSERT INTO workshop_car_part VALUES(8595,6,2);
INSERT INTO workshop_car_part VALUES(2439,7,8);
INSERT INTO workshop_car_part VALUES(5562,6,2);
INSERT INTO workshop_car_part VALUES(4825,8,8);
INSERT INTO workshop_car_part VALUES(1599,8,11);
INSERT INTO workshop_car_part VALUES(785,3,1);
INSERT INTO workshop_car_part VALUES(9423,7,5);
INSERT INTO workshop_car_part VALUES(328,5,3);
INSERT INTO workshop_car_part VALUES(2665,12,10);
INSERT INTO workshop_car_part VALUES(3865,14,2);
INSERT INTO workshop_car_part VALUES(3619,3,8);
INSERT INTO workshop_car_part VALUES(7519,10,3);
INSERT INTO workshop_car_part VALUES(5480,9,16);
INSERT INTO workshop_car_part VALUES(6034,7,18);
INSERT INTO workshop_car_part VALUES(3254,4,1);
INSERT INTO workshop_car_part VALUES(5192,9,14);
INSERT INTO workshop_car_part VALUES(1863,6,13);
INSERT INTO workshop_car_part VALUES(5751,16,5);
INSERT INTO workshop_car_part VALUES(3017,18,1);
INSERT INTO workshop_car_part VALUES(9013,26,15);
INSERT INTO workshop_car_part VALUES(1214,24,3);
INSERT INTO workshop_car_part VALUES(8169,19,5);
INSERT INTO workshop_car_part VALUES(9495,11,10);
INSERT INTO workshop_car_part VALUES(7813,19,24);
INSERT INTO workshop_car_part VALUES(2906,7,15);
INSERT INTO workshop_car_part VALUES(5795,17,30);
INSERT INTO workshop_car_part VALUES(6748,10,25);
INSERT INTO workshop_car_part VALUES(5024,28,21);
INSERT INTO workshop_car_part VALUES(8917,24,29);
INSERT INTO workshop_car_part VALUES(2582,3,26);
INSERT INTO workshop_car_part VALUES(9483,28,31);
INSERT INTO workshop_car_part VALUES(7103,1,14);
INSERT INTO workshop_car_part VALUES(4505,33,2);
INSERT INTO workshop_car_part VALUES(2703,35,33);
INSERT INTO workshop_car_part VALUES(3986,20,33);
INSERT INTO workshop_car_part VALUES(4551,33,15);
INSERT INTO workshop_car_part VALUES(9387,38,15);
INSERT INTO workshop_car_part VALUES(8447,7,11);
INSERT INTO workshop_car_part VALUES(3305,10,5);
INSERT INTO workshop_car_part VALUES(4230,13,22);
INSERT INTO workshop_car_part VALUES(1054,38,30);
INSERT INTO workshop_car_part VALUES(8418,45,34);
INSERT INTO workshop_car_part VALUES(9399,43,49);
INSERT INTO workshop_car_part VALUES(910,49,5);
INSERT INTO workshop_car_part VALUES(100,1,2);
INSERT INTO workshop_car_part VALUES(3274,29,35);
INSERT INTO workshop_car_part VALUES(7241,29,8);
INSERT INTO workshop_car_part VALUES(6515,39,18);
INSERT INTO workshop_car_part VALUES(1110,1,30);
INSERT INTO workshop_car_part VALUES(1739,1,20);
INSERT INTO workshop_car_part VALUES(8365,7,33);
INSERT INTO workshop_car_part VALUES(478,40,17);
INSERT INTO workshop_car_part VALUES(4967,33,34);
INSERT INTO workshop_car_part VALUES(5929,41,25);
INSERT INTO workshop_car_part VALUES(7196,51,41);
CREATE TABLE provider (
  PID integer primary key autoincrement,
  phone_number varchar (20),
  GPS varchar (100) not null,

  foreign key (gps) references location (GPS)
);
INSERT INTO provider VALUES(1,'vnCEcVnuWh6bJUwbyGK0','46.82333488840338, 104.97721098116544');
INSERT INTO provider VALUES(2,'OtkrtdHv3HEK56OHFK9F','44.14251167304107, 68.9301880508315');
INSERT INTO provider VALUES(3,'hlQHKSUNkppkj4hYYWBo','51.91518079239458, 53.551894434850325');
INSERT INTO provider VALUES(4,'9Gt9suPRnTMPV4eiOwNc','46.82333488840338, 104.97721098116544');
INSERT INTO provider VALUES(5,'T60cpn58CJVEgwwN8K6Z','44.14251167304107, 68.9301880508315');
INSERT INTO provider VALUES(6,'N6hgmsxIerFZhJGN1lwj','55.92713210652276, 127.41782774815988');
INSERT INTO provider VALUES(7,'8RWOt6bsfq0GLl24aFVA','55.92713210652276, 127.41782774815988');
INSERT INTO provider VALUES(8,'twsom6MyYqiUkkyiBIlP','55.92713210652276, 127.41782774815988');
INSERT INTO provider VALUES(9,'lYATZyEyduuPq0m5vozc','56.65368768652546, 99.5249670388152');
INSERT INTO provider VALUES(10,'WDMtZPctPuudPMQe2q3U','55.92713210652276, 127.41782774815988');
INSERT INTO provider VALUES(11,'ns5spOfzygiQCsnYyELR','50.83243270513279, 47.901336701482606');
INSERT INTO provider VALUES(12,'di3GWoOo64lKsrJVE4eP','50.83243270513279, 47.901336701482606');
INSERT INTO provider VALUES(13,'DhCWSkyIt0HCkT6UDDp9','57.50145143134967, 91.22046948972317');
INSERT INTO provider VALUES(14,'pYHBTiXQ5V1kVsM4ePW9','52.6796281015893, 84.35730433081156');
INSERT INTO provider VALUES(15,'CLNmXCSqyvduEQMuDayw','58.50857449768206, 125.95966588023373');
INSERT INTO provider VALUES(16,'zfOlh48pvUWHeuWy02EE','46.82333488840338, 104.97721098116544');
INSERT INTO provider VALUES(17,'8W7zft4weE1Rswy70sRI','46.82333488840338, 104.97721098116544');
INSERT INTO provider VALUES(18,'738oPKSMdGTCTSEkJRd2','43.693638226958946, 109.24191414036763');
INSERT INTO provider VALUES(19,'Kk4qWt4sZ9A0U4zohamG','57.28807129067428, 81.1761864430708');
INSERT INTO provider VALUES(20,'Jum40KxQTTfivXeJjiNc','50.993755141506014, 124.10910050591247');
INSERT INTO provider VALUES(21,'UtEBuHdoM5pbBTKOTdzF','59.47836919164335, 62.70612668185788');
INSERT INTO provider VALUES(22,'GRE6CoNTAMttn7qBP2bx','43.693638226958946, 109.24191414036763');
INSERT INTO provider VALUES(23,'GKcJAnSKxBTiPqeZXR9A','59.84949973554245, 74.67086888108241');
INSERT INTO provider VALUES(24,'35LlmKLVrj9I4fxJDUe4','57.50145143134967, 91.22046948972317');
INSERT INTO provider VALUES(25,'n6TkZKZGluGfGSaJnruc','42.79722944968656, 116.0692676592248');
INSERT INTO provider VALUES(26,'HvdMCGDTRyDKVlC8hh2Y','57.28807129067428, 81.1761864430708');
INSERT INTO provider VALUES(27,'17dSf5Sp4Bv1IYhdorEY','59.33539813570971, 120.91554928140384');
INSERT INTO provider VALUES(28,'sjQghpD2ea5S5f2IGjuu','50.993755141506014, 124.10910050591247');
INSERT INTO provider VALUES(29,'QlrH5eHTtv8su70yoEk4','51.99238411918744, 58.13614818962774');
INSERT INTO provider VALUES(30,'M75XxlMjMRPCxG2mdNHC','58.50857449768206, 125.95966588023373');
INSERT INTO provider VALUES(31,'0YL9m9dWkIvvgm7eWVRI','57.50145143134967, 91.22046948972317');
INSERT INTO provider VALUES(32,'lcuHBA5qsdqVBJbu8c2r','52.28037082107568, 112.02993360721827');
INSERT INTO provider VALUES(33,'z8RMxYdM6jEOU7Jsdgsq','53.82169355107291, 53.21205296483107');
INSERT INTO provider VALUES(34,'QnAgo5SZO08mOc5yG3yj','59.84949973554245, 74.67086888108241');
INSERT INTO provider VALUES(35,'L9iao54qnYrpFFeNtPqn','54.53034526332841, 84.97433474096974');
INSERT INTO provider VALUES(36,'eXbp5TnpUFgEhJPleTSe','57.28807129067428, 81.1761864430708');
INSERT INTO provider VALUES(37,'m4cII7y3ygzCMf0pXab6','44.14251167304107, 68.9301880508315');
INSERT INTO provider VALUES(38,'o4v47jKRQsnhcCHOc4S7','45.061503521140125, 105.90066484769807');
INSERT INTO provider VALUES(39,'amONDvusUAoN5AYyDnXN','57.50145143134967, 91.22046948972317');
INSERT INTO provider VALUES(40,'EvdAtd6Gip0NrzbVBPNf','52.28037082107568, 112.02993360721827');
INSERT INTO provider VALUES(41,'Rm890bWKUfsp4s1XvchQ','56.73829074827192, 86.73255491192384');
INSERT INTO provider VALUES(42,'tdoV4CKPGvqAbBYvHxW7','46.768496248670736, 118.47903360800848');
INSERT INTO provider VALUES(43,'IHRJdE4tyA4P9TeoO3Oe','56.45577758366875, 53.16160164163003');
INSERT INTO provider VALUES(44,'53w0OWqCJQf2kbBlhvcJ','58.529912221253774, 31.823907543498095');
INSERT INTO provider VALUES(45,'aOz020XhSqgFGrmEodpw','58.50857449768206, 125.95966588023373');
INSERT INTO provider VALUES(46,'KqR9FigQ2OPZieJ45fBW','42.79722944968656, 116.0692676592248');
INSERT INTO provider VALUES(47,'9bXh4OwjSK5PWFoUpbDP','54.53034526332841, 84.97433474096974');
INSERT INTO provider VALUES(48,'8i0G1mWPnCdIu1W9CgAB','51.99238411918744, 58.13614818962774');
INSERT INTO provider VALUES(49,'dVtnttEukoYu30Z4W7ID','58.529912221253774, 31.823907543498095');
INSERT INTO provider VALUES(50,'Ui8gSIoOxwIDgkqUQRG4','55.70826345082405, 124.12642696734926');
INSERT INTO provider VALUES(51,'phone_numb','50, 50');
INSERT INTO provider VALUES(52,'L6iYVz1Uh4AekQWoxLTq','48.35645209856432, 61.23398786715026');
INSERT INTO provider VALUES(53,'xZkMJYNCIqicR68XEyUs','46.82333488840338, 104.97721098116544');
INSERT INTO provider VALUES(54,'ItQGBsFqQoNLcvcsbARH','55.46256241907704, 94.6476807220824');
INSERT INTO provider VALUES(55,'TK0QFcGwDVQvgO3fgOOd','58.398535741470866, 123.65812496123098');
INSERT INTO provider VALUES(56,'F1oQ4UqH8ZvOO8qfV481','49.83341470519548, 84.2725166671807');
INSERT INTO provider VALUES(57,'YmKu7igg2XGjxPvxfi6w','46.768496248670736, 118.47903360800848');
INSERT INTO provider VALUES(58,'lM2COhnEe5YWnXa75RFA','51.99238411918744, 58.13614818962774');
INSERT INTO provider VALUES(59,'9bFXvAnjzPJqbUm7E2Se','51.723700662944324, 50.47655563899663');
INSERT INTO provider VALUES(60,'NhDSnm66sju9IQjG5Xq5','48.35645209856432, 61.23398786715026');
INSERT INTO provider VALUES(61,'Mn3cxBju74mt24ud33Kp','55.84451154003394, 84.15215093406312');
CREATE TABLE provide_car_parts (
  amount integer,
  part_ID integer not null,
  PID integer not null,
  WID integer not null,
  provided_date date,

  foreign key (part_ID) references car_part (part_ID),
  foreign key (PID) references provider (PID),
  foreign key (WID) references workshop (WID)
);
INSERT INTO provide_car_parts VALUES(9816,1,1,1,'2017-11-02');
INSERT INTO provide_car_parts VALUES(3395,1,2,1,'2017-12-01');
INSERT INTO provide_car_parts VALUES(8826,3,3,2,'2017-11-20');
INSERT INTO provide_car_parts VALUES(2348,1,3,3,'2017-01-25');
INSERT INTO provide_car_parts VALUES(265,4,3,3,'2017-11-15');
INSERT INTO provide_car_parts VALUES(4336,1,1,1,'2017-02-17');
INSERT INTO provide_car_parts VALUES(689,1,6,7,'2017-12-24');
INSERT INTO provide_car_parts VALUES(9107,7,6,1,'2017-02-14');
INSERT INTO provide_car_parts VALUES(4365,6,4,6,'2017-11-26');
INSERT INTO provide_car_parts VALUES(6498,7,10,2,'2017-12-09');
INSERT INTO provide_car_parts VALUES(7562,3,8,10,'2017-12-10');
INSERT INTO provide_car_parts VALUES(5815,9,11,8,'2017-11-09');
INSERT INTO provide_car_parts VALUES(5087,13,12,5,'2017-11-15');
INSERT INTO provide_car_parts VALUES(5944,11,5,5,'2017-02-26');
INSERT INTO provide_car_parts VALUES(6003,13,12,8,'2017-02-08');
INSERT INTO provide_car_parts VALUES(9248,14,1,2,'2017-11-28');
INSERT INTO provide_car_parts VALUES(2869,9,9,14,'2017-12-02');
INSERT INTO provide_car_parts VALUES(8176,15,14,10,'2017-12-11');
INSERT INTO provide_car_parts VALUES(4867,11,2,15,'2017-01-15');
INSERT INTO provide_car_parts VALUES(1706,14,18,14,'2017-11-18');
INSERT INTO provide_car_parts VALUES(6016,1,2,18,'2017-02-05');
INSERT INTO provide_car_parts VALUES(7968,13,21,15,'2017-12-10');
INSERT INTO provide_car_parts VALUES(4418,18,18,17,'2017-11-22');
INSERT INTO provide_car_parts VALUES(2261,5,21,18,'2017-11-29');
INSERT INTO provide_car_parts VALUES(9952,2,2,14,'2017-11-29');
INSERT INTO provide_car_parts VALUES(6291,21,16,20,'2017-01-11');
INSERT INTO provide_car_parts VALUES(7676,5,26,7,'2017-01-29');
INSERT INTO provide_car_parts VALUES(8302,6,5,21,'2017-11-14');
INSERT INTO provide_car_parts VALUES(6884,6,7,27,'2017-12-23');
INSERT INTO provide_car_parts VALUES(6446,15,29,5,'2017-11-29');
INSERT INTO provide_car_parts VALUES(9452,10,22,23,'2017-12-13');
INSERT INTO provide_car_parts VALUES(923,14,9,18,'2017-01-25');
INSERT INTO provide_car_parts VALUES(4621,6,10,23,'2017-01-05');
INSERT INTO provide_car_parts VALUES(7641,28,21,24,'2017-02-17');
INSERT INTO provide_car_parts VALUES(4555,18,9,7,'2017-02-17');
INSERT INTO provide_car_parts VALUES(8852,28,5,2,'2017-01-10');
INSERT INTO provide_car_parts VALUES(8998,23,6,10,'2017-02-18');
INSERT INTO provide_car_parts VALUES(5636,32,6,27,'2017-11-08');
INSERT INTO provide_car_parts VALUES(9282,37,13,34,'2017-11-24');
INSERT INTO provide_car_parts VALUES(7889,12,27,38,'2017-01-07');
INSERT INTO provide_car_parts VALUES(3604,26,17,2,'2017-01-27');
INSERT INTO provide_car_parts VALUES(2496,36,42,17,'2017-11-25');
INSERT INTO provide_car_parts VALUES(1561,23,26,42,'2017-01-11');
INSERT INTO provide_car_parts VALUES(4445,29,6,35,'2017-11-03');
INSERT INTO provide_car_parts VALUES(2169,29,11,17,'2017-02-20');
INSERT INTO provide_car_parts VALUES(2555,20,16,46,'2017-12-15');
INSERT INTO provide_car_parts VALUES(8697,15,7,13,'2017-02-05');
INSERT INTO provide_car_parts VALUES(5922,14,38,12,'2017-01-08');
INSERT INTO provide_car_parts VALUES(7901,14,37,2,'2017-12-09');
INSERT INTO provide_car_parts VALUES(9950,24,35,15,'2017-02-27');
INSERT INTO provide_car_parts VALUES(120,1,1,1,'2018-11-19');
INSERT INTO provide_car_parts VALUES(7023,39,18,27,'2017-12-21');
INSERT INTO provide_car_parts VALUES(4527,6,7,32,'2017-11-28');
INSERT INTO provide_car_parts VALUES(7419,35,38,24,'2017-02-03');
INSERT INTO provide_car_parts VALUES(8093,40,28,28,'2017-12-01');
INSERT INTO provide_car_parts VALUES(9649,40,46,54,'2017-12-23');
INSERT INTO provide_car_parts VALUES(3517,24,56,34,'2017-02-04');
INSERT INTO provide_car_parts VALUES(5129,41,44,27,'2017-02-27');
INSERT INTO provide_car_parts VALUES(5770,28,32,7,'2017-01-01');
INSERT INTO provide_car_parts VALUES(1182,26,14,54,'2017-11-06');
INSERT INTO provide_car_parts VALUES(4421,3,43,38,'2017-02-02');
CREATE TABLE car_type (
  car_type varchar (50),

  primary key (car_type)
);
INSERT INTO car_type VALUES('HdsXDkiUnFTKrtKnbrCE');
INSERT INTO car_type VALUES('2M3vTY376GvveyXs0omY');
INSERT INTO car_type VALUES('YADhdciPDb8xSRqJSLZO');
INSERT INTO car_type VALUES('3nCV54WosHHvsVYi9Dxg');
INSERT INTO car_type VALUES('Ky2Sma3Noe8o9Aips55b');
INSERT INTO car_type VALUES('52FIm9bDxFzoz8SAA3j4');
INSERT INTO car_type VALUES('RIEB0ZmCmkyeeaxxd7ub');
INSERT INTO car_type VALUES('sOODQynFT5IFD9NrpfT8');
INSERT INTO car_type VALUES('qSEKUjmIYnUZlT8HFtov');
INSERT INTO car_type VALUES('5MPRTG4Dri75pfdR0l6C');
INSERT INTO car_type VALUES('59t3y2rWyFRt5aCwnuOS');
INSERT INTO car_type VALUES('3X6MZGFjkPMTmFy5JK5a');
INSERT INTO car_type VALUES('oCAvH5JEDqgrI0pDSLnw');
INSERT INTO car_type VALUES('FNfp2KchJhbynNSuyUxx');
INSERT INTO car_type VALUES('zZt9YyyYbORLk5hkNozX');
INSERT INTO car_type VALUES('ErTwIDBqBUXxDSDizQVe');
INSERT INTO car_type VALUES('UkLKFz402lNQoerRm7sQ');
INSERT INTO car_type VALUES('yOafQdBcrQEamu7qwb5V');
INSERT INTO car_type VALUES('TlteZWWssLxztqU4uZia');
INSERT INTO car_type VALUES('n498U2AacCrzroIUSFRy');
INSERT INTO car_type VALUES('wvufO9cYQN6H1E6VM3sF');
INSERT INTO car_type VALUES('ks9JpgguTJ37KcBE24a1');
INSERT INTO car_type VALUES('P5bFCkPwxNBfMc4G8PQa');
INSERT INTO car_type VALUES('4W6kxe4RyNGLXUnOsji5');
INSERT INTO car_type VALUES('BR1wj5yRsneMtnUqrSox');
INSERT INTO car_type VALUES('4TLd7oI7ugXxCgMnBvo9');
INSERT INTO car_type VALUES('YcrkkGdM4SRayQXwjObr');
INSERT INTO car_type VALUES('KJ5R7c0Ywo7RN8IWWuwv');
INSERT INTO car_type VALUES('eJOhkQWyX7yuiv8awjLp');
INSERT INTO car_type VALUES('1ZsNuVVuoRytVbCjiOsR');
INSERT INTO car_type VALUES('c8TnCnVxkMpIPWn7jt6X');
INSERT INTO car_type VALUES('LZGoXuXdYxZUxEGhtZqV');
INSERT INTO car_type VALUES('73nHk2nEXMCCNbwQekhB');
INSERT INTO car_type VALUES('pZc37ToWSIF9XTRt8rck');
INSERT INTO car_type VALUES('SZ9qm14MaHrxxSJng871');
INSERT INTO car_type VALUES('azFZwLVcLsoTY49vxR6h');
INSERT INTO car_type VALUES('k5uTePwjxzFBPtQARBhg');
INSERT INTO car_type VALUES('ymMANZFqPot64iAQ6roL');
INSERT INTO car_type VALUES('rsiZHHV4yJ7CGCsMkbm2');
INSERT INTO car_type VALUES('FsQ6ZJQoNLgmLF72qEhQ');
INSERT INTO car_type VALUES('DwA5DOC8JMoGbY7ebFqu');
INSERT INTO car_type VALUES('FGYcz3WBLoRso361YAes');
INSERT INTO car_type VALUES('e2T7UJ5jRwDW54Og7N0o');
INSERT INTO car_type VALUES('Qx2ShEnh7H21MkrvEH9q');
INSERT INTO car_type VALUES('QWTgiCJp3763LsiaT4dX');
INSERT INTO car_type VALUES('Cf0mGA4s25dpyKJf1EgH');
INSERT INTO car_type VALUES('J8hGAe2pQ7H5wfxT4a5x');
INSERT INTO car_type VALUES('nuGI5rclKPnXknd6tFh5');
INSERT INTO car_type VALUES('qNkb3CRVHliy0kxwpCjW');
INSERT INTO car_type VALUES('h4srnGJXb8zzSCU1uj9b');
INSERT INTO car_type VALUES('B');
INSERT INTO car_type VALUES('kUTneQ25gPRPjq7x0u5t');
INSERT INTO car_type VALUES('lnqOXOo7AW8PrKWmymE8');
INSERT INTO car_type VALUES('zOk0MzmVklWb44cLz5nU');
INSERT INTO car_type VALUES('gt82peyYmHQ6fMyW8A8Z');
INSERT INTO car_type VALUES('w7B1qq8u6nbjgTjjUQjM');
INSERT INTO car_type VALUES('MwA98DehNgNDoUSAwB6l');
INSERT INTO car_type VALUES('FCqcY7RnsuM8bTzvKMXr');
INSERT INTO car_type VALUES('2UlMQEQrrWuT0pd4CEO1');
INSERT INTO car_type VALUES('5Ry1AlNwQUog4gZdwsRP');
INSERT INTO car_type VALUES('qNl1AE8MPpLDAqpArVh8');
CREATE TABLE car (
  plate varchar(15) not null,
  car_type varchar(50) not null,
  broken boolean,
  charge_amount integer,
  GPS varchar (100),
  color varchar(40),
  purchase_date date,

  primary key (plate),
  foreign key (car_type) references car_type(car_type)
);
INSERT INTO car VALUES('ZBEEL7PMBX','HdsXDkiUnFTKrtKnbrCE',0,98,'50.981540629627474, 40.43400148537693','gmzTGYnXHY','2017-01-01');
INSERT INTO car VALUES('LMPvJsp0GL','2M3vTY376GvveyXs0omY',0,43,'47.90284551333178, 31.61475846049427','TFbZZ4oNH8','2017-01-01');
INSERT INTO car VALUES('EH217AUd87','2M3vTY376GvveyXs0omY',0,28,'47.33080484929798, 104.38669676295119','uqXnZ4npEq','2017-01-01');
INSERT INTO car VALUES('HscKHKs4YN','2M3vTY376GvveyXs0omY',0,16,'46.254197032312874, 94.73677297092209','nMtLpR50yq','2017-01-01');
INSERT INTO car VALUES('F0zWjclEFk','YADhdciPDb8xSRqJSLZO',0,10,'41.86350681847563, 87.74205730745793','jJRXrCeEpO','2017-01-01');
INSERT INTO car VALUES('Y6YnUP7axM','YADhdciPDb8xSRqJSLZO',0,88,'49.32543155503213, 118.36407301844591','iO2Bk5gCDB','2017-01-01');
INSERT INTO car VALUES('LIgnHdtl1P','RIEB0ZmCmkyeeaxxd7ub',0,99,'43.32846532786074, 31.71933471322253','Meyts5JKEc','2017-01-01');
INSERT INTO car VALUES('EMcApjPKxh','52FIm9bDxFzoz8SAA3j4',0,14,'56.45434976170749, 104.44645561129256','8OcuxoZmOl','2017-01-01');
INSERT INTO car VALUES('VQQEMGmpj5','3nCV54WosHHvsVYi9Dxg',0,28,'57.894028529429434, 88.5428784264029','4WBsR4lsVw','2017-01-01');
INSERT INTO car VALUES('pURcVKL35m','Ky2Sma3Noe8o9Aips55b',0,71,'45.81271632438401, 44.277430926198456','ZxSQquZ3RB','2017-01-01');
INSERT INTO car VALUES('xrO4roxMXn','RIEB0ZmCmkyeeaxxd7ub',0,96,'54.58451164918481, 52.95058121383235','rI66yPRfiT','2017-01-01');
INSERT INTO car VALUES('RaGFe4Fk0c','ErTwIDBqBUXxDSDizQVe',0,7,'50.94552235950995, 40.69552241494611','0dxdtW84pl','2017-01-01');
INSERT INTO car VALUES('g4Hs7D5QPQ','YADhdciPDb8xSRqJSLZO',0,91,'47.78851402073055, 50.852233477292515','qsqXZhulyW','2017-01-01');
INSERT INTO car VALUES('KKDNju2R0I','3nCV54WosHHvsVYi9Dxg',0,67,'40.66527209809057, 48.076637835942144','mfjU0J20eT','2017-01-01');
INSERT INTO car VALUES('dn2F0xcWcM','YADhdciPDb8xSRqJSLZO',0,90,'59.40940739714944, 87.10166490183246','TjhRPdjPaE','2017-01-01');
INSERT INTO car VALUES('c9R8Avbjdj','ErTwIDBqBUXxDSDizQVe',0,65,'55.230701934299475, 117.50993875174122','eTSwLe0w2E','2017-01-01');
INSERT INTO car VALUES('K5rzG5zZ3j','n498U2AacCrzroIUSFRy',0,26,'56.470400396960926, 36.31563994666047','IMsl0n0GDV','2017-01-01');
INSERT INTO car VALUES('HE3gstVPQT','3X6MZGFjkPMTmFy5JK5a',0,40,'46.07925651444596, 81.21234139299412','cAtDlLfWoR','2017-01-01');
INSERT INTO car VALUES('zW9tXIWxIt','qSEKUjmIYnUZlT8HFtov',0,29,'58.35888806459002, 45.97108943052233','7OtB8MhC8H','2017-01-01');
INSERT INTO car VALUES('zidwgAo2ay','zZt9YyyYbORLk5hkNozX',0,28,'52.96403694210519, 127.91670507990926','anj5MUWFlj','2017-01-01');
INSERT INTO car VALUES('XzRmlnzIKF','BR1wj5yRsneMtnUqrSox',0,31,'45.86552678752708, 69.62206482917651','DEQ4unG5tK','2017-01-01');
INSERT INTO car VALUES('uyZPNGkWUq','FNfp2KchJhbynNSuyUxx',0,42,'54.77263336637513, 53.78852900097364','93dWTuMIJV','2017-01-01');
INSERT INTO car VALUES('MTZjuWQmCC','zZt9YyyYbORLk5hkNozX',0,49,'43.18875725751579, 53.54543411645464','hX5epeq1Pz','2017-01-01');
INSERT INTO car VALUES('YIS3VGMNTH','wvufO9cYQN6H1E6VM3sF',0,1,'42.59652335764877, 30.312765386489943','Sav9D72ciP','2017-01-01');
INSERT INTO car VALUES('vXyNcx5Z9R','YcrkkGdM4SRayQXwjObr',0,43,'58.478293333621075, 78.77083284904086','u9ZngykA8N','2017-01-01');
INSERT INTO car VALUES('dk7yErauKY','LZGoXuXdYxZUxEGhtZqV',0,92,'58.1326038722362, 37.08172173785344','wJk0tnAHkr','2017-01-01');
INSERT INTO car VALUES('Hy7LKInNsc','YADhdciPDb8xSRqJSLZO',0,97,'50.865305643267476, 105.10955037688942','R3qPNv02bO','2017-01-01');
INSERT INTO car VALUES('SfsN86L3F9','eJOhkQWyX7yuiv8awjLp',0,93,'44.71097607304473, 79.6377398882006','OwiK3Ax1jz','2017-01-01');
INSERT INTO car VALUES('rPbdojqCI8','ks9JpgguTJ37KcBE24a1',0,96,'53.84847574194083, 91.24240818774638','4GFZYGa5WT','2017-01-01');
INSERT INTO car VALUES('UuHC32n7wJ','TlteZWWssLxztqU4uZia',0,62,'53.566665105563004, 44.536353066031324','G95n7JHRgX','2017-01-01');
INSERT INTO car VALUES('TkSdIGAGZF','rsiZHHV4yJ7CGCsMkbm2',0,71,'50.40569577223988, 65.55954920888682','JhbYWsX8WK','2017-01-01');
INSERT INTO car VALUES('moQfzVOoJs','zZt9YyyYbORLk5hkNozX',0,50,'55.349359031433494, 112.57416448379009','V2mbAlXulL','2017-01-01');
INSERT INTO car VALUES('jgH3sSsRHq','LZGoXuXdYxZUxEGhtZqV',0,65,'46.87463910078304, 105.57212132766138','lXeRhVoju6','2017-01-01');
INSERT INTO car VALUES('FHewzLvNm3','UkLKFz402lNQoerRm7sQ',0,64,'57.12186119460327, 95.31778255634572','xXQZUVo1AZ','2017-01-01');
INSERT INTO car VALUES('f1RVQv6hJr','FNfp2KchJhbynNSuyUxx',0,72,'53.75167189330863, 83.74736309866745','6rYu8Q8S7g','2017-01-01');
INSERT INTO car VALUES('l8RBtS5Ejh','k5uTePwjxzFBPtQARBhg',0,11,'43.17841576395813, 38.69914651439505','nfIgzuAsw5','2017-01-01');
INSERT INTO car VALUES('oXvrMfWLAd','zZt9YyyYbORLk5hkNozX',0,74,'53.91075477812134, 75.6724213857341','caaJZNGxYV','2017-01-01');
INSERT INTO car VALUES('JWDkfUt1i7','yOafQdBcrQEamu7qwb5V',0,47,'56.96060569286795, 83.59398526445304','FNpjonYZiO','2017-01-01');
INSERT INTO car VALUES('gN7Gf2rAjU','ErTwIDBqBUXxDSDizQVe',0,10,'50.14160097897369, 95.96783305744692','Q8l6zKjZSC','2017-01-01');
INSERT INTO car VALUES('AN123','B',0,100,'41, 97','Red','2017-10-10');
INSERT INTO car VALUES('ClhPQHBDUr','Cf0mGA4s25dpyKJf1EgH',0,44,'46.493225545171825, 61.975963742870036','Y7IyNkXImJ','2017-01-01');
INSERT INTO car VALUES('q39tyM3W9v','h4srnGJXb8zzSCU1uj9b',0,65,'50.69735172587225, 83.66800141911648','IvkdF0OSCS','2017-01-01');
INSERT INTO car VALUES('HYsrs1FFmt','2M3vTY376GvveyXs0omY',0,81,'43.72088925362558, 117.24429154558631','xdmLMjIZPV','2017-01-01');
INSERT INTO car VALUES('zYf951Mx5p','HdsXDkiUnFTKrtKnbrCE',0,14,'59.73433932080924, 112.66389305906128','BJ4euoHn2l','2017-01-01');
INSERT INTO car VALUES('RWveAoneBU','DwA5DOC8JMoGbY7ebFqu',0,83,'45.5793910955304, 116.74174234296895','gCPVj89anR','2017-01-01');
INSERT INTO car VALUES('x4036MCd2L','1ZsNuVVuoRytVbCjiOsR',0,92,'47.787309613597394, 69.25748613680717','sStjQW2HJJ','2017-01-01');
INSERT INTO car VALUES('TXOtdNq3Fz','DwA5DOC8JMoGbY7ebFqu',0,99,'58.781704678438345, 79.22557837866947','rqowNag51Z','2017-01-01');
INSERT INTO car VALUES('rWbExmWb79','FsQ6ZJQoNLgmLF72qEhQ',0,25,'42.85137961074058, 71.66190774878972','p8zgnZb4bd','2017-01-01');
INSERT INTO car VALUES('NSTh406rYW','2UlMQEQrrWuT0pd4CEO1',0,26,'48.22833316449356, 51.16003177750723','4j3flTs3Zi','2017-01-01');
INSERT INTO car VALUES('ulmfjHYdZf','kUTneQ25gPRPjq7x0u5t',0,23,'41.190677137717266, 41.5777503287806','D2iNtKZD3v','2017-01-01');
CREATE TABLE ride (
  plate varchar(15) not null,
  username varchar (50) not null,
  coordinate_a varchar (100),
  coordinate_b varchar (100),
  using_start datetime,
  using_end datetime,

  foreign key (plate) references car (plate),
  foreign key (username) references customer (username)
);
INSERT INTO ride VALUES('ZBEEL7PMBX','w29FDFR8ktwZZ3oTiAa0TIIN31tTwVeIo4JSseqGth12Ez2DY2','54.8829287254429, 127.689219789696','44.97437157168576, 58.511004039184016','2017-12-04 20:00:00','2017-12-04 20:02:43');
INSERT INTO ride VALUES('ZBEEL7PMBX','UYksITGz0p7sCnWRzBTceFSSpKJsKRkYc67Ymu8oB3jgiLp91M','59.25022050972653, 65.50658523983745','43.96533739180061, 65.43950920764371','2017-11-11 13:00:00','2017-11-11 13:40:22');
INSERT INTO ride VALUES('ZBEEL7PMBX','w29FDFR8ktwZZ3oTiAa0TIIN31tTwVeIo4JSseqGth12Ez2DY2','51.42275557428633, 64.29151778127749','55.90742565078721, 40.32140291783401','2017-11-21 22:00:00','2017-11-21 22:12:11');
INSERT INTO ride VALUES('ZBEEL7PMBX','UYksITGz0p7sCnWRzBTceFSSpKJsKRkYc67Ymu8oB3jgiLp91M','50.96360676901135, 42.409269800004175','47.54202793982487, 113.08712636676115','2017-12-10 13:00:00','2017-12-10 13:51:23');
INSERT INTO ride VALUES('EH217AUd87','UYksITGz0p7sCnWRzBTceFSSpKJsKRkYc67Ymu8oB3jgiLp91M','52.57485540664427, 122.49043368464287','52.48764802385899, 51.36620390897428','2017-01-05 03:00:00','2017-01-05 03:52:12');
INSERT INTO ride VALUES('HscKHKs4YN','vB7YTbgs4iB5y5ojRSxDOleEbYBKDKBTxs8xoBt6yUo1u7zmhe','46.418435064732144, 52.48968943196256','49.240195333631156, 115.80982511401295','2017-02-13 23:00:00','2017-02-13 23:53:00');
INSERT INTO ride VALUES('EH217AUd87','w29FDFR8ktwZZ3oTiAa0TIIN31tTwVeIo4JSseqGth12Ez2DY2','57.82346672517721, 106.89665979300192','41.21175417355958, 43.90000907988468','2017-11-17 01:00:00','2017-11-17 01:03:53');
INSERT INTO ride VALUES('HscKHKs4YN','vB7YTbgs4iB5y5ojRSxDOleEbYBKDKBTxs8xoBt6yUo1u7zmhe','51.228637894144825, 122.01504801299296','46.076002528891706, 84.46882939300983','2017-11-24 13:00:00','2017-11-24 13:10:30');
INSERT INTO ride VALUES('HscKHKs4YN','UYksITGz0p7sCnWRzBTceFSSpKJsKRkYc67Ymu8oB3jgiLp91M','40.10258634974311, 84.49115647109768','51.87485668943486, 71.6530607850583','2017-12-12 20:00:00','2017-12-12 20:55:42');
INSERT INTO ride VALUES('EH217AUd87','UYksITGz0p7sCnWRzBTceFSSpKJsKRkYc67Ymu8oB3jgiLp91M','47.591034792735314, 45.122866120709176','45.025975482684956, 112.82437053473107','2017-11-08 22:00:00','2017-11-08 22:33:24');
INSERT INTO ride VALUES('LIgnHdtl1P','lBwLgt7FSSJ2LLE10Rm2gsOcaEqr3HK3gD866u52GRPOZdf69n','40.12291053900883, 42.446233058912156','45.33775130381994, 93.64074684852443','2017-01-10 02:00:00','2017-01-10 02:40:30');
INSERT INTO ride VALUES('LMPvJsp0GL','bNcEAwxp9ijEX00uXMp98XIgrOBqmMkfCgjfneTNanrcKpiQmO','57.19410373843833, 39.61109672660031','56.063157679435264, 40.092262972887944','2017-11-11 01:00:00','2017-11-11 01:23:24');
INSERT INTO ride VALUES('ZBEEL7PMBX','lBwLgt7FSSJ2LLE10Rm2gsOcaEqr3HK3gD866u52GRPOZdf69n','43.45478948830304, 54.8538631185897','57.85713304722562, 84.17304256331818','2017-02-14 10:00:00','2017-02-14 10:53:14');
INSERT INTO ride VALUES('F0zWjclEFk','AjCHIKBnbMS0y5eUAKL2zCP1Y7nN6H4fjToVHNdaZgDf4eX18m','45.18484428951955, 110.76427205601895','43.03404593557163, 34.71594766703814','2017-11-17 02:00:00','2017-11-17 02:13:02');
INSERT INTO ride VALUES('EH217AUd87','g63GY7lwM8F5uGWDuFq20PeRJ8XRoe7myFuHrYEU2xWhSVWlBm','40.61098482117267, 74.15311401914687','57.43971187300247, 55.04050179751116','2017-01-16 21:00:00','2017-01-16 21:41:30');
INSERT INTO ride VALUES('HscKHKs4YN','g63GY7lwM8F5uGWDuFq20PeRJ8XRoe7myFuHrYEU2xWhSVWlBm','55.25873440920186, 74.66652241070095','42.55339444182487, 124.42301306086634','2017-02-16 13:00:00','2017-02-16 13:33:40');
INSERT INTO ride VALUES('A9Azvxs85n','UYksITGz0p7sCnWRzBTceFSSpKJsKRkYc67Ymu8oB3jgiLp91M','53.37491697401545, 85.8609089130554','49.6176665964711, 95.61270617004769','2017-12-27 10:00:00','2017-12-27 10:12:03');
INSERT INTO ride VALUES('KKDNju2R0I','WP1EItoOOPzaSZ37nFogV3PvexGwlGjxEVaoejP2kD3TEqjd3F','50.20163653681706, 79.30278728706008','48.465946716093015, 58.56375901936063','2017-01-07 00:00:00','2017-01-07 00:20:52');
INSERT INTO ride VALUES('F0zWjclEFk','08hvB8zgZFdJESwkLOS5YHRrhyMRMXG6AIlvt6TukaEyQcPcRi','57.527549977385604, 67.70783466933425','40.381157797026034, 77.40135138662595','2017-11-23 13:00:00','2017-11-23 13:40:43');
INSERT INTO ride VALUES('ZBEEL7PMBX','FtUszpgshhQDpFC8zToggk9IyI824SFIwZdOPdtnYzSJNkKxIH','55.31877738251339, 60.45213245512038','58.04776025775111, 63.64645442865935','2017-11-16 12:00:00','2017-11-16 12:52:13');
INSERT INTO ride VALUES('c9R8Avbjdj','h2TzCJmu3bDvhSpROBlNLdf2f3LMUuBd1ysj4rqgjar8t34VGV','45.513310888685425, 54.16414864543245','47.07581341126884, 68.0876694772578','2017-01-26 00:00:00','2017-01-26 00:44:15');
INSERT INTO ride VALUES('dn2F0xcWcM','GIqHlmKg8BQ8buJkHfQ1itZpmZLE8CRxlPeQKU5Xu1yxdugDl9','52.135579334692814, 73.87932069815938','51.684089984734726, 86.08922942887216','2017-12-10 20:00:00','2017-12-10 20:25:42');
INSERT INTO ride VALUES('LMPvJsp0GL','AjCHIKBnbMS0y5eUAKL2zCP1Y7nN6H4fjToVHNdaZgDf4eX18m','56.99851078949777, 64.20326370284157','40.19123113158644, 38.06734137156905','2017-11-08 11:00:00','2017-11-08 11:55:52');
INSERT INTO ride VALUES('KKDNju2R0I','f3DZpX08C5TgjUQi4MlXkPHiwOjYWXfav5U15tJfaTi7aaoLnT','49.39419704404282, 115.15044332333484','44.80464856050597, 125.30346475272034','2017-12-05 20:00:00','2017-12-05 20:41:41');
INSERT INTO ride VALUES('HscKHKs4YN','h2TzCJmu3bDvhSpROBlNLdf2f3LMUuBd1ysj4rqgjar8t34VGV','48.198429399000176, 119.8926702373885','57.540962009736845, 124.38201568540798','2017-12-28 23:00:00','2017-12-28 23:34:14');
INSERT INTO ride VALUES('08U7hEDlyz','0PDWSTQ67e3tuvu3SJNbGYfbYH5IDqjx1Fa3KYGW7Cu7RNQuW6','45.27470190702102, 113.86003231699789','43.97662390091144, 44.60388759400926','2017-01-21 01:00:00','2017-01-21 01:55:51');
INSERT INTO ride VALUES('LIgnHdtl1P','iZ9RasX7Vxtm18ALUrGaIuBHYTViA3BHqGbDOvXbLr2zfZvEID','51.05754663521924, 99.93218682005521','55.70095350523819, 51.18806830817097','2017-02-22 02:00:00','2017-02-22 02:33:05');
INSERT INTO ride VALUES('LMPvJsp0GL','f3DZpX08C5TgjUQi4MlXkPHiwOjYWXfav5U15tJfaTi7aaoLnT','46.7223142150625, 91.26336381270981','53.34969647609075, 126.47042683300579','2017-11-25 20:00:00','2017-11-25 20:50:03');
INSERT INTO ride VALUES('ZBEEL7PMBX','Vm01wxql07PvFJJ9zZGwVNzY0lbpquLCJzdVdC4sZyJ3vgmsYM','48.20098152420286, 88.56718825350286','56.06401249830669, 41.90865957864605','2017-02-03 12:00:00','2017-02-03 12:50:45');
INSERT INTO ride VALUES('pURcVKL35m','Um1VDGDieE6ebUr5rio1LmNhmTntQh3hAH1Z2JXavpFaXYOStD','56.721800170648095, 117.37213604303724','52.791618335037626, 126.15693735434043','2017-01-28 02:00:00','2017-01-28 02:33:50');
INSERT INTO ride VALUES('08U7hEDlyz','JQ8SsFYUSMHeDPdaDN8R1CYZU9ZVCRB1EvmCiXtVyijegDn46l','44.0477395044634, 119.66621425593651','42.00871894898694, 44.92896493346473','2017-11-08 01:00:00','2017-11-08 01:13:31');
INSERT INTO ride VALUES('AXXeFJMJj9','QKl4BmbfLJBnMTuxvRbsj62RGc81T4gOJ5yNo9Tnz7ViNLsKa2','51.96245724353829, 123.84129143364152','41.87312221784405, 126.40111280869738','2017-12-06 13:00:00','2017-12-06 13:00:11');
INSERT INTO ride VALUES('EH217AUd87','0PDWSTQ67e3tuvu3SJNbGYfbYH5IDqjx1Fa3KYGW7Cu7RNQuW6','44.65274062902044, 119.28943747258982','50.55897454082326, 32.24441512635264','2017-11-20 11:00:00','2017-11-20 11:15:03');
INSERT INTO ride VALUES('KKDNju2R0I','08hvB8zgZFdJESwkLOS5YHRrhyMRMXG6AIlvt6TukaEyQcPcRi','59.56439853208404, 100.90080425794353','55.081290918320484, 49.93810075551821','2017-02-10 02:00:00','2017-02-10 02:52:31');
INSERT INTO ride VALUES('zidwgAo2ay','ekcTrHqhYQbLRBkFXcsN5nhBWdQ4GNLg55wTrocVTjcGhisbW7','48.30100345069201, 36.48257001935918','50.243207102278646, 57.653425939133285','2017-01-29 21:00:00','2017-01-29 21:40:40');
INSERT INTO ride VALUES('9aiaztRn0o','q6rdUQxatdiHpdxGBdEghjNkxtIU9ZD21NJeFWjJrrKKjX9ucu','42.198953051799585, 54.75096972812857','57.912355166506245, 80.02400103602858','2017-12-09 01:00:00','2017-12-09 01:43:42');
INSERT INTO ride VALUES('KKDNju2R0I','FtUszpgshhQDpFC8zToggk9IyI824SFIwZdOPdtnYzSJNkKxIH','51.871235330377544, 127.25343011163655','56.76414700805181, 81.8996404905925','2017-02-25 02:00:00','2017-02-25 02:50:50');
INSERT INTO ride VALUES('zidwgAo2ay','vB7YTbgs4iB5y5ojRSxDOleEbYBKDKBTxs8xoBt6yUo1u7zmhe','42.300511290986854, 62.23463317619299','41.20978429693113, 114.9340761141507','2017-01-26 02:00:00','2017-01-26 02:55:23');
INSERT INTO ride VALUES('YIS3VGMNTH','iZ9RasX7Vxtm18ALUrGaIuBHYTViA3BHqGbDOvXbLr2zfZvEID','51.570028717739056, 118.58583016083101','51.807969205455976, 108.44050659894782','2017-12-20 12:00:00','2017-12-20 12:11:44');
INSERT INTO ride VALUES('RaGFe4Fk0c','ElrPQB6eD7Jy6iZrDlE7G8IpWqarM5Wx11MyLylKjwihXMJqsz','51.944745911108235, 108.47017452437026','51.73863398624725, 116.69283785742302','2017-01-16 01:00:00','2017-01-16 01:14:03');
INSERT INTO ride VALUES('rPbdojqCI8','scjR2ZLvzv9gavbSTSozqGQkbQlyXqPtNI1xjMp77f4zNU1EPK','43.88666336661321, 90.44510485740007','43.17447824333574, 109.02430646057502','2017-01-12 22:00:00','2017-01-12 22:23:22');
INSERT INTO ride VALUES('c9R8Avbjdj','vB7YTbgs4iB5y5ojRSxDOleEbYBKDKBTxs8xoBt6yUo1u7zmhe','44.429586258484015, 118.83325423256281','40.06843278888087, 114.106517646601','2017-11-17 20:00:00','2017-11-17 20:33:35');
INSERT INTO ride VALUES('zidwgAo2ay','iZ9RasX7Vxtm18ALUrGaIuBHYTViA3BHqGbDOvXbLr2zfZvEID','43.922288622437165, 107.42122703274603','44.99278557949119, 38.70536740002432','2017-01-21 20:00:00','2017-01-21 20:30:42');
INSERT INTO ride VALUES('ZBEEL7PMBX','scjR2ZLvzv9gavbSTSozqGQkbQlyXqPtNI1xjMp77f4zNU1EPK','45.31438601073215, 90.96754573905002','48.07112296198005, 125.52897435168771','2017-01-06 11:00:00','2017-01-06 11:54:23');
INSERT INTO ride VALUES('MTZjuWQmCC','ekcTrHqhYQbLRBkFXcsN5nhBWdQ4GNLg55wTrocVTjcGhisbW7','51.491177655000385, 99.73057043064426','50.88479137317988, 128.5204391612604','2017-12-29 11:00:00','2017-12-29 11:55:03');
INSERT INTO ride VALUES('zidwgAo2ay','WP1EItoOOPzaSZ37nFogV3PvexGwlGjxEVaoejP2kD3TEqjd3F','45.225073268982634, 38.55855235802009','54.09071367367805, 35.35414043981923','2017-12-17 10:00:00','2017-12-17 10:20:15');
INSERT INTO ride VALUES('l8RBtS5Ejh','0PDWSTQ67e3tuvu3SJNbGYfbYH5IDqjx1Fa3KYGW7Cu7RNQuW6','47.381577687061586, 40.961755374781234','55.4335201718614, 111.90802995745796','2017-02-25 11:00:00','2017-02-25 11:34:20');
INSERT INTO ride VALUES('5sNakf6Ssm','iZ9RasX7Vxtm18ALUrGaIuBHYTViA3BHqGbDOvXbLr2zfZvEID','50.46699774151931, 123.87163513945319','50.740079625051884, 119.37825841376494','2017-12-14 01:00:00','2017-12-14 01:10:20');
INSERT INTO ride VALUES('UuHC32n7wJ','f3DZpX08C5TgjUQi4MlXkPHiwOjYWXfav5U15tJfaTi7aaoLnT','45.99793056015749, 59.41940740252568','48.65438426025795, 73.34541080908059','2017-12-28 00:00:00','2017-12-28 00:22:53');
INSERT INTO ride VALUES('SfsN86L3F9','f3DZpX08C5TgjUQi4MlXkPHiwOjYWXfav5U15tJfaTi7aaoLnT','57.14852822956142, 46.486128415390546','41.32023287846276, 128.0199024416473','2017-01-24 10:00:00','2017-01-24 10:35:43');
INSERT INTO ride VALUES('AN123','Day7','40, 100','60, 30','2018-11-20 07:00:00','2018-11-20 08:30:00');
INSERT INTO ride VALUES('LMPvJsp0GL','mWDUoHrougdXX3ruvS5ugwnzEqknTo24j0f8RVAdZsmYlSfB27','52.139555871435704, 44.112389166065924','44.281770195080156, 129.5366903207011','2017-01-10 23:00:00','2017-01-10 23:50:43');
INSERT INTO ride VALUES('c9R8Avbjdj','BDqE2AWZCwlMFKSfeDcOQJSm0JrVpbZxjswSWDKXr8X4Yo8NrX','48.65657997210002, 44.5866559554419','58.086407578132054, 85.45919990070439','2017-01-01 22:00:00','2017-01-01 22:25:51');
INSERT INTO ride VALUES('XzRmlnzIKF','Day7','46.14681196880518, 42.46493213776219','44.86166078323956, 90.3562303114514','2017-01-29 13:00:00','2017-01-29 13:05:01');
INSERT INTO ride VALUES('A9Azvxs85n','N4UaaFnHkeb8N42AeaE45UtXdC7R0xjalrZjKZjeOHzmCfvBEb','50.76312274725952, 52.998118657770085','45.06603353983088, 118.87674827663994','2017-12-01 03:00:00','2017-12-01 03:01:53');
INSERT INTO ride VALUES('Y6YnUP7axM','g63GY7lwM8F5uGWDuFq20PeRJ8XRoe7myFuHrYEU2xWhSVWlBm','45.97765499822087, 88.22768570304294','56.53504739856909, 39.51262363373279','2017-12-10 23:00:00','2017-12-10 23:01:13');
INSERT INTO ride VALUES('c9R8Avbjdj','3BnRzQ66RM6ViuqRtPJmzRR5okUSYNZX01fD9HZdfIijEF2zoH','43.97974377936476, 97.76525839098562','51.869537566359675, 124.30888396582377','2017-02-18 03:00:00','2017-02-18 03:51:53');
INSERT INTO ride VALUES('9aiaztRn0o','bNcEAwxp9ijEX00uXMp98XIgrOBqmMkfCgjfneTNanrcKpiQmO','48.09294049191931, 70.62454916918901','49.92867980078363, 65.80210672509983','2017-12-03 20:00:00','2017-12-03 20:34:54');
INSERT INTO ride VALUES('uyZPNGkWUq','wLAhmc1nmHGbZecvvlaap2qGKcrAYft1xOOCt6IrIKIkPNmXzK','45.16335472165988, 128.24431614516703','52.99431679126434, 40.0439500630749','2017-12-02 01:00:00','2017-12-02 01:43:43');
INSERT INTO ride VALUES('F0zWjclEFk','q6rdUQxatdiHpdxGBdEghjNkxtIU9ZD21NJeFWjJrrKKjX9ucu','58.66410482416967, 93.31546507658241','55.361567821448304, 123.08810862869407','2017-11-17 23:00:00','2017-11-17 23:20:40');
INSERT INTO ride VALUES('RWveAoneBU','RpufrW3MGiNVdII3kkXXeOzlN1M3IdwPsVwVBgeoopfBCCXRl2','55.17078135077765, 77.16729328511985','40.05888758771099, 64.4654240821719','2017-11-25 23:00:00','2017-11-25 23:20:51');
CREATE TABLE charge (
  plate varchar(15) not null,
  UID integer not null,
  cost integer,
  charged_datetime datetime,

  foreign key (plate) references car (plate),
  foreign key (UID) references charging_station (UID)
);
INSERT INTO charge VALUES('ZBEEL7PMBX',1,3,'2017-11-27 13:41:52');
INSERT INTO charge VALUES('ZBEEL7PMBX',1,6,'2017-01-18 03:45:22');
INSERT INTO charge VALUES('EH217AUd87',2,1,'2017-01-02 11:42:24');
INSERT INTO charge VALUES('ZBEEL7PMBX',4,6,'2017-12-22 22:45:35');
INSERT INTO charge VALUES('ZBEEL7PMBX',4,9,'2017-02-11 23:03:22');
INSERT INTO charge VALUES('Y6YnUP7axM',5,7,'2017-11-20 23:45:15');
INSERT INTO charge VALUES('Y6YnUP7axM',6,1,'2017-02-27 03:20:44');
INSERT INTO charge VALUES('LIgnHdtl1P',3,0,'2017-02-23 11:20:05');
INSERT INTO charge VALUES('LMPvJsp0GL',8,5,'2017-12-20 01:01:03');
INSERT INTO charge VALUES('Y6YnUP7axM',1,1,'2017-01-05 21:34:35');
INSERT INTO charge VALUES('EH217AUd87',7,3,'2017-11-24 12:15:44');
INSERT INTO charge VALUES('Y6YnUP7axM',5,7,'2017-12-22 10:50:31');
INSERT INTO charge VALUES('EH217AUd87',8,8,'2017-11-06 23:33:54');
INSERT INTO charge VALUES('pURcVKL35m',4,3,'2017-12-14 11:05:32');
INSERT INTO charge VALUES('08U7hEDlyz',13,2,'2017-01-06 03:54:45');
INSERT INTO charge VALUES('EH217AUd87',1,8,'2017-02-08 03:51:13');
INSERT INTO charge VALUES('A9Azvxs85n',12,6,'2017-01-29 00:50:11');
INSERT INTO charge VALUES('LIgnHdtl1P',16,9,'2017-01-14 00:43:14');
INSERT INTO charge VALUES('KKDNju2R0I',10,8,'2017-02-02 20:32:05');
INSERT INTO charge VALUES('g4Hs7D5QPQ',2,8,'2017-01-11 10:50:32');
INSERT INTO charge VALUES('LIgnHdtl1P',2,5,'2017-12-01 01:44:24');
INSERT INTO charge VALUES('c9R8Avbjdj',22,1,'2017-01-26 10:32:31');
INSERT INTO charge VALUES('VQQEMGmpj5',8,3,'2017-02-05 00:20:43');
INSERT INTO charge VALUES('VQQEMGmpj5',21,5,'2017-01-14 10:54:01');
INSERT INTO charge VALUES('9aiaztRn0o',23,5,'2017-11-09 21:34:22');
INSERT INTO charge VALUES('K5rzG5zZ3j',24,7,'2017-01-06 22:53:00');
INSERT INTO charge VALUES('RaGFe4Fk0c',17,6,'2017-02-22 21:34:50');
INSERT INTO charge VALUES('pURcVKL35m',18,9,'2017-02-15 22:32:15');
INSERT INTO charge VALUES('c9R8Avbjdj',12,7,'2017-02-28 13:03:51');
INSERT INTO charge VALUES('BCG2t5sPOe',29,5,'2017-11-21 21:05:34');
INSERT INTO charge VALUES('9aiaztRn0o',12,6,'2017-11-29 03:55:42');
INSERT INTO charge VALUES('YIS3VGMNTH',31,3,'2017-02-16 10:43:35');
INSERT INTO charge VALUES('9aiaztRn0o',9,1,'2017-11-16 02:34:32');
INSERT INTO charge VALUES('F0zWjclEFk',10,9,'2017-02-03 11:54:24');
INSERT INTO charge VALUES('zidwgAo2ay',28,1,'2017-02-01 00:35:44');
INSERT INTO charge VALUES('HE3gstVPQT',30,7,'2017-01-24 00:50:13');
INSERT INTO charge VALUES('vXyNcx5Z9R',5,0,'2017-02-12 23:40:41');
INSERT INTO charge VALUES('dk7yErauKY',21,1,'2017-01-02 03:25:30');
INSERT INTO charge VALUES('MTZjuWQmCC',5,7,'2017-12-08 23:22:22');
INSERT INTO charge VALUES('zW9tXIWxIt',31,9,'2017-02-02 21:13:12');
INSERT INTO charge VALUES('BCG2t5sPOe',11,0,'2017-11-27 12:01:55');
INSERT INTO charge VALUES('YIS3VGMNTH',3,9,'2017-11-11 03:34:32');
INSERT INTO charge VALUES('c9R8Avbjdj',9,4,'2017-12-16 21:15:40');
INSERT INTO charge VALUES('EH217AUd87',27,0,'2017-02-25 03:54:31');
INSERT INTO charge VALUES('pURcVKL35m',34,8,'2017-11-02 12:05:23');
INSERT INTO charge VALUES('zidwgAo2ay',45,0,'2017-01-06 11:55:42');
INSERT INTO charge VALUES('AXXeFJMJj9',5,3,'2017-02-19 23:05:12');
INSERT INTO charge VALUES('Y6YnUP7axM',42,3,'2017-01-24 23:02:42');
INSERT INTO charge VALUES('JWDkfUt1i7',4,0,'2017-01-23 22:00:52');
INSERT INTO charge VALUES('4VG2lsGMuq',40,8,'2017-02-16 01:10:52');
INSERT INTO charge VALUES('AN123',1,6,'2018-11-20 08:00:00');
INSERT INTO charge VALUES('AN123',1,6,'2018-11-20 08:20:00');
INSERT INTO charge VALUES('g4Hs7D5QPQ',35,0,'2017-12-11 11:13:21');
INSERT INTO charge VALUES('zidwgAo2ay',10,9,'2017-12-03 01:00:14');
INSERT INTO charge VALUES('JWDkfUt1i7',29,3,'2017-02-10 22:52:05');
INSERT INTO charge VALUES('zW9tXIWxIt',31,2,'2017-01-18 11:05:21');
INSERT INTO charge VALUES('JWDkfUt1i7',56,6,'2017-11-25 22:25:43');
INSERT INTO charge VALUES('BCG2t5sPOe',15,7,'2017-12-02 10:41:31');
INSERT INTO charge VALUES('LIgnHdtl1P',50,1,'2017-12-28 23:25:10');
INSERT INTO charge VALUES('Y6YnUP7axM',20,6,'2017-11-05 20:35:42');
INSERT INTO charge VALUES('RaGFe4Fk0c',45,7,'2017-12-27 21:45:22');
INSERT INTO charge VALUES('LMPvJsp0GL',53,0,'2017-12-06 20:00:50');
CREATE TABLE repair (
  plate varchar(15) not null,
  WID integer not null,
  cost integer,
  repair_date date,

  foreign key (plate) references car (plate),
  foreign key (WID) references workshop (WID)
);
INSERT INTO repair VALUES('ZBEEL7PMBX',1,69,'2017-11-25');
INSERT INTO repair VALUES('LMPvJsp0GL',2,63,'2017-01-09');
INSERT INTO repair VALUES('EH217AUd87',3,60,'2017-11-23');
INSERT INTO repair VALUES('ZBEEL7PMBX',2,28,'2017-02-07');
INSERT INTO repair VALUES('HscKHKs4YN',1,10,'2017-11-21');
INSERT INTO repair VALUES('EH217AUd87',6,48,'2017-11-23');
INSERT INTO repair VALUES('F0zWjclEFk',1,24,'2017-01-17');
INSERT INTO repair VALUES('LMPvJsp0GL',6,21,'2017-11-24');
INSERT INTO repair VALUES('ZBEEL7PMBX',1,15,'2017-11-01');
INSERT INTO repair VALUES('LMPvJsp0GL',9,0,'2017-12-24');
INSERT INTO repair VALUES('BCG2t5sPOe',6,58,'2017-02-18');
INSERT INTO repair VALUES('ZBEEL7PMBX',4,79,'2017-12-06');
INSERT INTO repair VALUES('A9Azvxs85n',6,3,'2017-12-20');
INSERT INTO repair VALUES('F0zWjclEFk',4,44,'2017-11-06');
INSERT INTO repair VALUES('A9Azvxs85n',1,30,'2017-02-05');
INSERT INTO repair VALUES('HscKHKs4YN',4,39,'2017-01-04');
INSERT INTO repair VALUES('RaGFe4Fk0c',14,9,'2017-11-04');
INSERT INTO repair VALUES('BCG2t5sPOe',17,48,'2017-11-26');
INSERT INTO repair VALUES('LMPvJsp0GL',13,59,'2017-01-13');
INSERT INTO repair VALUES('ZBEEL7PMBX',5,55,'2017-01-29');
INSERT INTO repair VALUES('g4Hs7D5QPQ',10,81,'2017-01-28');
INSERT INTO repair VALUES('A9Azvxs85n',19,62,'2017-02-29');
INSERT INTO repair VALUES('9A2hpEZ9sC',14,24,'2017-02-02');
INSERT INTO repair VALUES('VQQEMGmpj5',5,12,'2017-01-13');
INSERT INTO repair VALUES('EMcApjPKxh',6,0,'2017-11-05');
INSERT INTO repair VALUES('BCG2t5sPOe',26,93,'2017-02-05');
INSERT INTO repair VALUES('xrO4roxMXn',21,61,'2017-01-17');
INSERT INTO repair VALUES('Y6YnUP7axM',2,61,'2017-11-24');
INSERT INTO repair VALUES('LMPvJsp0GL',9,48,'2017-11-02');
INSERT INTO repair VALUES('RaGFe4Fk0c',11,10,'2017-12-07');
INSERT INTO repair VALUES('HE3gstVPQT',3,37,'2017-12-04');
INSERT INTO repair VALUES('A9Azvxs85n',24,46,'2017-12-10');
INSERT INTO repair VALUES('Y6YnUP7axM',1,15,'2017-01-06');
INSERT INTO repair VALUES('g4Hs7D5QPQ',34,44,'2017-12-20');
INSERT INTO repair VALUES('RaGFe4Fk0c',11,85,'2017-01-04');
INSERT INTO repair VALUES('g4Hs7D5QPQ',24,44,'2017-01-11');
INSERT INTO repair VALUES('rPbdojqCI8',13,26,'2017-11-24');
INSERT INTO repair VALUES('LMPvJsp0GL',27,0,'2017-12-08');
INSERT INTO repair VALUES('g4Hs7D5QPQ',3,48,'2017-11-23');
INSERT INTO repair VALUES('ZBEEL7PMBX',9,32,'2017-12-12');
INSERT INTO repair VALUES('g4Hs7D5QPQ',32,5,'2017-02-28');
INSERT INTO repair VALUES('763Y1eZEW4',8,54,'2017-12-17');
INSERT INTO repair VALUES('vXyNcx5Z9R',33,65,'2017-11-12');
INSERT INTO repair VALUES('f1RVQv6hJr',22,11,'2017-02-12');
INSERT INTO repair VALUES('uyZPNGkWUq',24,95,'2017-11-28');
INSERT INTO repair VALUES('K5rzG5zZ3j',13,69,'2017-02-29');
INSERT INTO repair VALUES('AXXeFJMJj9',4,78,'2017-02-19');
INSERT INTO repair VALUES('moQfzVOoJs',40,64,'2017-11-21');
INSERT INTO repair VALUES('g4Hs7D5QPQ',28,2,'2017-12-26');
INSERT INTO repair VALUES('9A2hpEZ9sC',31,21,'2017-11-18');
INSERT INTO repair VALUES('AN123',1,20,'2018-10-31');
INSERT INTO repair VALUES('Hy7LKInNsc',28,29,'2017-02-29');
INSERT INTO repair VALUES('vXyNcx5Z9R',49,17,'2017-01-05');
INSERT INTO repair VALUES('xrO4roxMXn',19,78,'2017-01-27');
INSERT INTO repair VALUES('A9Azvxs85n',9,84,'2017-02-13');
INSERT INTO repair VALUES('RaGFe4Fk0c',52,70,'2017-01-10');
INSERT INTO repair VALUES('RWveAoneBU',40,1,'2017-11-05');
INSERT INTO repair VALUES('TXOtdNq3Fz',25,9,'2017-01-23');
INSERT INTO repair VALUES('A9Azvxs85n',47,3,'2017-01-29');
INSERT INTO repair VALUES('l8RBtS5Ejh',58,73,'2017-02-11');
INSERT INTO repair VALUES('LIgnHdtl1P',46,36,'2017-01-01');
DELETE FROM sqlite_sequence;
INSERT INTO sqlite_sequence VALUES('charging_station',61);
INSERT INTO sqlite_sequence VALUES('car_part',61);
INSERT INTO sqlite_sequence VALUES('workshop',61);
INSERT INTO sqlite_sequence VALUES('provider',61);
COMMIT;
